"date","OPEN.x","HIGH.x","LOW.x","BDO","OPEN.y","HIGH.y","LOW.y","ICT","OPEN","HIGH","LOW","SM","AAPL","MSFT","BTC-USD","SPY"
2020-01-02,153.8,154,152.1,154,128,131.9,128,130,1015,1058,1011,1039,72.2715,151.8296,6985.4702,296.1252
2020-01-03,154,158.3,154,155,128.6,136.2,128.6,135.5,1040,1069,1019,1051,71.5689,149.939,7344.8843,293.883
2020-01-06,155,155.8,152,155,134,135,131.5,135,1037,1048,1025,1040,72.1392,150.3266,7769.2192,295.0041
2020-01-07,155.9,158.6,154,155,133.3,134.9,130.3,132.5,1040,1078,1040,1067,71.7999,148.9559,8163.6924,294.1747
2020-01-08,153,153.7,151.5,152,130.1,132.1,128.1,131.8,1064,1064,1042,1055,72.9549,151.3286,8079.8628,295.7425
2020-01-09,153.5,154.2,152,152,130.2,134,130,134,1057,1072,1054,1072,74.5045,153.2191,7879.0713,297.7479
2020-01-10,152.8,154.5,151,153,135,135,131.3,132.5,1067,1080,1060,1079,74.673,152.5101,8166.5542,296.8909
2020-01-14,153.5,155,153,154.7,134,135,130.6,135,1074,1077,1046,1077,75.2384,153.2569,8827.7646,298.4771
2020-01-15,155,155.1,153.2,153.2,131.9,132.8,130.5,131.5,1076,1076,1056,1060,74.916,154.2495,8807.0107,299.1516
2020-01-16,153.4,156.5,153.4,155.1,131.3,132.9,130.8,132.1,1058,1062,1038,1050,75.8544,157.0758,8723.7861,301.6401
2020-01-17,156,157.5,155.1,157.5,132.1,132.9,131,132.7,1069,1069,1040,1055,76.6942,157.9549,8929.0381,302.5789
2020-01-21,154,154.3,153.1,153.2,132.5,132.8,131.3,132.6,1030,1045,1021,1026,76.1745,157.3878,8745.8945,301.9863
2020-01-22,153.2,154,151.9,153.5,131.2,132.6,131.1,131.8,1049,1049,1011,1025,76.4464,156.6315,8680.876,302.0228
2020-01-23,153.5,157,152.5,157,131.9,132.6,130.3,132.5,1054,1059,1031,1050,76.8145,157.5957,8406.5156,302.3692
2020-01-24,155.5,156.9,155.4,156,132.5,132.5,131.5,132.5,1046,1049,1025,1032,76.5932,156.0076,8445.4346,299.6801
2020-01-27,155.8,156,153.2,156,132.5,134.7,131.4,132.5,1036,1045,1025,1025,74.3409,153.3987,8909.8193,294.8765
2020-01-28,155,155,152.5,153.5,131.5,133.3,131.5,131.9,1025,1025,1012,1015,76.444,156.4046,9358.5898,297.9666
2020-01-29,153.5,156,152.6,154,132.5,132.8,131,132,1015,1017,1010,1013,78.0441,158.8434,9316.6299,297.7204
2020-01-30,154,156.5,153,154,131.5,131.9,131,131.5,1020,1020,995,995,77.931,163.3241,9508.9932,298.6866
2020-01-31,153.9,153.9,145.6,148,132,132,130,130,1000,1017,961,971,74.4757,160.9136,9350.5293,293.2631
2020-02-03,148,148,142.5,144.5,130,130,126,128,971,983.5,955.5,974.5,74.2711,164.8365,9293.5215,295.4416
2020-02-04,145,151.9,144.7,150.7,127,131,127,127.4,975,989.5,974.5,983.5,76.7231,170.2624,9180.9629,299.9445
2020-02-05,152.5,152.6,149.2,150.6,129.9,129.9,127,127.2,990,1010,990,1000,77.3487,170.0544,9613.4238,303.4084
2020-02-06,152.5,153,150.6,153,128.7,129.4,127,127.6,1000,1014,996,1000,78.2535,173.5803,9729.8018,304.4293
2020-02-07,150.5,155.4,150,155.4,127.1,128.5,127.1,128,1000,1004,998.5,1000,77.1898,173.826,9795.9434,302.8068
2020-02-10,155,155,150,150,127.5,128,126,126,1003,1010,1000,1000,77.5564,178.3728,9856.6113,305.0673
2020-02-11,150.2,152,150.2,152,127.3,127.3,126,126,1000,1001,990,1000,77.0885,174.3459,10208.2363,305.596
2020-02-12,152,152.3,150.7,151,125.4,126.7,121.6,121.6,1000,1005,996,1002,78.9192,174.6012,10326.0547,307.5649
2020-02-13,151,154,150.5,151.5,121.6,124.7,121.4,123.4,1004,1010,995.5,1010,78.3572,173.6559,10214.3799,307.2367
2020-02-14,152.5,152.5,148.5,148.5,121.4,124.7,119,119,1008,1010,992,992,78.3765,175.2061,10312.1162,307.7289
2020-02-18,149,150,148,148,116,121.8,116,119.6,1018,1024,1007,1012,76.9414,176.9832,10141.9961,306.9358
2020-02-19,148.2,148.9,147.1,147.7,119,124.7,119,124.2,1018,1038,1014,1038,78.0557,177.514,9633.3867,308.4035
2020-02-20,148,149.3,147.8,148.5,126,126.2,125,125.4,1054,1059,1032,1032,77.2549,174.8032,9608.4756,307.1365
2020-02-21,148,148.7,147.5,147.5,125.1,125.9,117.9,118,1034,1045,1016,1038,75.5062,169.2772,9686.4414,303.9735
2020-02-24,146,146,143,143.3,117.3,117.3,115,115,1015,1028,1002,1010,71.9197,161.9787,9650.1748,293.892
2020-02-26,142.9,142.9,136.3,137,113.4,113.4,94.85,102,1000,1000,978,985,70.5859,161.2963,8820.5225,283.9383
2020-02-27,137,144.6,136.4,143,103.6,107.8,103.6,106,970.5,987,969.5,987,65.9718,149.9315,8784.4941,271.1861
2020-02-28,138,142,138,139,102,107,101.8,106,972,981.5,960,974.5,65.9332,153.5618,8672.4551,270.0467
2020-03-02,138,138.4,132.1,132.1,104.5,108.9,104.4,106,965,989.5,950,960,72.0716,163.7796,8869.6699,281.7415
2020-03-03,137,138.1,136.1,137.2,108.4,108.4,106,106,967,986,956.5,961,69.7827,155.9314,8787.7861,273.6746
2020-03-04,136.7,137.9,135.1,136.8,105.9,106.5,104.1,105.7,960,977,921,945,73.0195,161.6565,8755.2461,285.1779
2020-03-05,137.8,142.2,137,141,107,109,104.1,105.1,954.5,972,948.5,950,70.651,157.5996,9078.7627,275.6982
2020-03-06,140.9,141.5,138.2,141.5,104,104,98.6,102,963,963,936,943,69.7127,153.1447,9122.5459,271.1405
2020-03-09,136.5,137.7,131,131,97,98,87.3,89,910,910.5,895,902.5,64.199,142.7657,7923.6445,249.9659
2020-03-10,126.1,139,125,139,86.7,92.95,84.35,92,886,919,862,900,68.8227,152.5286,7909.7295,262.9004
2020-03-11,139,141.8,133.3,136,92.2,100,89.95,90.05,905,940,890.5,900,66.4325,145.6187,7911.4302,250.0845
2020-03-12,132.1,132.1,120,120,87,87,80,80.05,880,880,770,790,59.872,131.8085,4970.7881,226.157
2020-03-13,112.8,129.6,99,127,80.05,88,72,85,725,847.5,685,831.5,67.0451,150.5476,5563.707,245.4904
2020-03-16,117,120,110,110,80.75,86.5,75,85,750,800,735,735,58.42,128.3583,5014.48,218.6279
2020-03-19,92.1,99.8,75,85,75.95,76,61.85,71.5,600,698,509.5,667,59.0398,135.2682,6191.1929,219.2296
2020-03-20,91,97,88.2,97,71.65,77,71.65,76,700,740,689.5,721.5,55.2917,130.1877,6198.7783,209.782
2020-03-23,90,95.3,88,94.7,72.5,73,66.1,69.5,670,748,670,746,54.117,128.8891,6416.3149,204.4183
2020-03-24,94.7,96,92.35,94,68.5,71,66.05,66.05,760,765,730,747.5,59.5463,140.6046,6734.8037,222.9392
2020-03-25,98.3,100.5,96.8,100,69.5,70.95,68,69,762,800,753.5,800,59.2183,139.2587,6681.063,226.2766
2020-03-26,101.8,115.7,101.4,115.7,70.2,75.5,70,74.1,800,845,761,845,62.3346,147.9694,6716.4404,239.4889
2020-03-27,110,115.7,102.1,102.1,76.2,78.5,74.2,74.25,846,870,802,805,59.7538,141.8937,6469.7983,232.3555
2020-03-30,102.1,102.3,97.05,99.2,74.2,74.2,69,74,800,805.5,751,770,61.459,151.8746,6429.8418,239.9015
2020-03-31,103.5,106,102.5,103.5,73.95,76.25,72.5,74.7,785,820,785,818,61.3336,149.486,6438.6445,236.3257
2020-04-01,103.5,107.2,99.6,105.2,73,77,72.5,77,811,830,801,826,58.1064,144.178,6606.7764,225.6898
2020-04-02,100,101.8,99.6,100,73.15,74,72,72,800,820,795.5,820,59.076,147.1638,6793.6245,230.8977
2020-04-03,101.7,101.7,98.3,99.3,72.5,73.75,70,70,823,833,817.5,825,58.227,145.8083,6733.3872,227.5603
2020-04-06,100,102.6,99.6,102.5,71.15,74,71,74,827.5,850,804,850,63.3066,156.6518,7271.7812,242.8447
2020-04-07,105.3,106,100,101.5,76.1,77.3,73.05,75,875,878,860.5,878,62.5733,154.9646,7176.4146,243.0922
2020-04-08,101.6,101.8,97.5,98.5,74.9,75.95,72.85,73.75,865,878,851,870,64.1749,156.5191,7334.0986,251.2525
2020-04-13,100.8,103.5,98.4,98.5,73.5,74.8,73.5,74.8,869,876.5,843.5,870,65.9067,156.8792,6845.0376,252.7469
2020-04-14,100,102.5,97.85,102.5,75.2,84,75.2,80.9,877.5,884,851.5,868,69.2352,164.6422,6842.4277,260.2011
2020-04-15,103.5,109,103.3,108.5,82,86,82,84.5,868,868,855,862,68.6032,162.9171,6642.1099,254.6724
2020-04-16,107,107,103,103,82.5,83,75.2,75.2,850,850,820,820,69.1483,167.808,7116.8042,255.901
2020-04-17,106.9,108.3,103.8,105,78.2,81,78.2,80.5,849,860,830,860,68.2101,169.2866,7096.1846,262.8143
2020-04-20,105,107,102.5,102.5,82,82.95,79.95,80.45,858,863,845,845,66.7943,165.9312,6881.9585,258.184
2020-04-21,102.5,102.5,100.4,100.6,79.4,79.4,77,77,844.5,855,818,839,64.7296,159.0688,6880.3232,250.3447
2020-04-22,100,102,99.65,100.5,76.6,81.05,75.3,81.05,817,825,808,818,66.5941,164.4716,7117.2075,255.901
2020-04-23,101.5,104.9,100,100,81,83.45,80,82.2,828,850,818.5,845,66.336,162.4811,7429.7246,255.8827
2020-04-24,101.9,101.9,99.6,100,82.2,82.2,78,78,840,840,810,814,68.2511,165.4479,7550.9009,259.4494
2020-04-27,100,100.1,97,97,79.9,82,79,82,818,818,780,780,68.2994,164.9739,7795.6011,263.1902
2020-04-28,97.8,99.9,97.6,98.9,82.15,88,81.5,88,782,820,782,819,67.1922,160.955,7807.0586,261.9799
2020-04-29,98.9,99.5,98.5,98.7,86,86.8,85,86.2,820,843,805,831,69.3992,168.1777,8801.0381,268.8381
2020-04-30,100.1,101,98.6,101,88,92.8,87.55,89.6,843,846,834.5,845,70.8632,169.8649,8658.5537,266.3351
2020-05-04,100,100.7,98,98.9,88.6,88.85,85,88.3,822,822.5,796,822,70.7089,169.5141,8912.6543,259.9994
2020-05-05,99.9,100.7,98.3,98.3,88.3,88.3,86,86,820.5,835,820.5,830,71.7701,171.3341,9003.0703,262.4017
2020-05-06,99.5,99.5,96.1,96.1,86.3,86.3,82.5,83,830,840,821.5,832,72.5106,173.0212,9268.7617,260.623
2020-05-07,96.7,97.75,96.2,97.4,83.2,84.5,80.05,82.55,839,839,822,826.5,73.2607,174.0259,9951.5186,263.7679
2020-05-08,98,98.75,97,97,83.5,84.95,81.8,83,828,838,802,804,75.0044,175.0496,9842.666,268.1322
2020-05-11,98,98.45,97.9,98,83,85,81.5,84.6,806,815,801.5,808,76.1847,177.0022,8601.7959,268.1872
2020-05-12,98.4,99.95,98,98.75,85.1,85.5,84.6,84.9,808,819.5,800,817,75.314,172.9928,8804.4775,262.8417
2020-05-13,99,99,97.1,99,84.4,84.4,82.5,83,815,826,814,826,74.4047,170.3767,9269.9873,258.1931
2020-05-14,98.85,98.85,96.3,96.8,80.05,82,80,82,824,824,802,810,74.8617,171.116,9733.7217,261.2831
2020-05-15,97.1,97.85,93,93,82.15,82.9,80.5,80.5,820,820,800,801.5,74.4192,173.6089,9328.1973,262.4843
2020-05-18,93,93,90,90,80,84,79.2,82,807,809.5,798,803,76.1726,175.2676,9726.5752,270.4794
2020-05-19,92,93.95,92,93,82,84.5,82,84.5,812,816,805,810,75.7324,174.0544,9729.0381,267.7012
2020-05-20,93.2,93.75,92,93,84,84.45,83,84,813,820,800.5,820,77.2053,176.4686,9522.9814,272.249
2020-05-21,93.1,93.2,92,92,82.2,84.9,82.2,84.5,820,838.5,816,835,76.6297,174.349,9081.7617,270.3694
2020-05-22,92.25,92.4,89.3,89.6,84.05,84.7,82.2,84.3,829.5,834,818,828,77.123,174.4251,9182.5771,270.8828
2020-05-26,89,89.4,85.6,85.9,85,85.45,81.45,85.3,820,838,805,838,76.6006,172.5811,8835.0527,274.2202
2020-05-27,86.1,87.5,86.1,87,84,85,82.5,85,835,837,812.5,837,76.9344,172.8092,9181.0176,278.3004
2020-05-28,87.35,91,87.25,90.35,83.5,84.2,82.7,84,837,848.5,830.5,836,76.9682,172.4195,9525.751,277.787
2020-05-29,92,100.4,92,100.4,82.9,89,82.9,87.7,837,915,835,915,76.8933,174.178,9439.124,279.0247
2020-06-01,99,99.6,96.1,99,87,89.15,86,88.45,890,927.5,860,920,77.8389,173.7787,10167.2686,280.1525
2020-06-02,98.5,99.8,97.5,98,88.5,91.4,88.5,90,920,954,911.5,946,78.1993,175.7558,9529.8037,282.4722
2020-06-03,98.25,102.7,98.25,102.4,89.2,98,89.2,95.9,954,960,935.5,945,78.6298,176.1834,9656.7178,286.2314
2020-06-04,103.1,109.5,103.1,109,95,105.6,95,105.6,940.5,997,940.5,997,77.9526,173.8643,9800.6367,285.4796
2020-06-05,109,114,105,114,102,102,99.25,100,967.5,986,951.5,967.5,80.1727,177.9324,9665.5332,292.7963
2020-06-08,113,113,107,107,102,102.8,98.6,102,965.5,967.5,941.5,950,80.6468,179.035,9771.4893,296.3354
2020-06-09,110,112,105.5,110.5,101.9,107,100.8,107,949,959.5,938,950,83.1934,180.4037,9795.7002,294.1258
2020-06-10,109.7,109.9,104.7,105.5,103,104.6,101.1,104,945,945,905,935,85.3338,187.0952,9870.0947,292.4846
2020-06-11,104.9,105,101,105,103,103.1,99,103.1,930,951,911,951,81.2369,177.0484,9321.7812,275.6231
2020-06-15,100.9,104.6,99,99,98.2,101.6,97.75,99.6,950,950,915,915,82.9516,179.5863,9450.7021,281.5277
2020-06-16,101,103.6,101,102.4,99.7,105,98.65,105,921,940,916,940,85.15,183.987,9538.0244,286.9465
2020-06-17,103.4,103.4,100.1,100.1,104.7,107,102,103.1,961,969,926,956,85.0315,184.6239,9480.2549,285.7546
2020-06-18,101.2,101.9,99.8,100,102,102,98.7,101,931,963,925,963,85.0653,186.6009,9411.8408,285.8647
2020-06-19,100,101.5,99.9,100,100,102,98,98,934,964.5,930,949,84.5792,185.4888,9288.0186,284.2309
2020-06-22,98.55,99.35,96.3,99,98.6,100,98.5,100,945.5,960,921.5,960,86.7922,190.6405,9648.7178,286.0543
2020-06-23,99.5,102.9,99,102.7,100,101.9,98.2,100.5,949,949,935,935,88.6447,191.9141,9629.6582,287.3713
2020-06-24,102.6,102.7,100.1,100.1,101.5,101.5,99.9,100.8,940,940,931,937,87.0799,188.0456,9313.6104,280.0408
2020-06-25,99.4,99.4,97,97.1,99.5,101.5,98.1,101.5,930,943,916,930,88.2359,190.4218,9264.8135,283.0429
2020-06-26,98,99.5,97.5,98.5,100.5,101.5,99.5,101.2,921.5,939,916.5,938.5,85.5248,186.6104,9162.918,276.3203
2020-06-29,97.9,97.9,94,94,98.3,101.9,96.25,101,930,934.5,906,915,87.4959,188.6159,9190.8545,280.3815
2020-06-30,96,98.9,95.5,98,100,102.5,99.75,102.5,928,940,917,939,88.2263,193.4349,9137.9932,283.9731
2020-07-01,98,98.5,97.25,97.9,102.3,102.3,99.5,100.1,938.5,938.5,920,920,88.0594,194.5661,9228.3252,285.9622
2020-07-02,98,101,97.8,100.5,99.7,103.5,99.4,103.5,921,952,908,950,88.0594,196.0488,9123.4102,287.537
2020-07-06,100,101.7,97.5,97.5,104,106.3,102.8,105,952,952.5,931.5,940,90.415,200.2689,9375.4746,291.9758
2020-07-07,99.3,100.5,98,98,104.6,105,102.2,102.5,948.5,956.5,940,949,90.1345,197.9403,9252.2773,288.9645
2020-07-08,98.5,98.5,95.55,95.6,101.5,101.9,99.8,100,945,975.5,940,975.5,92.2337,202.2935,9428.333,291.1747
2020-07-09,96.95,96.95,95.6,96.1,99.8,99.85,99,99.45,965,965,943.5,945,92.6304,203.7098,9277.9678,289.517
2020-07-10,96.5,96.5,94.7,94.7,99.3,99.4,98.05,98.75,916,940,900,940,92.7924,203.0919,9278.8076,292.4731
2020-07-13,94.6,94.6,91.5,91.5,98.75,98.85,97.6,98.25,939,940,925,940,92.3643,196.8187,9243.6143,289.9406
2020-07-14,92,93.4,91.9,92.85,98.25,98.8,96,96.55,928,938.5,925,935,93.8928,198.0353,9243.2139,293.698
2020-07-15,92.85,93.05,89.5,89.5,96.65,97.75,93,93,938,938,910,911,94.5385,197.7407,9192.8369,296.3962
2020-07-16,90.45,93,90.15,92.8,93.55,97,93.55,97,916,945.5,916,933,93.3753,193.8246,9132.2275,295.4201
2020-07-17,92.85,93.5,90.35,93.5,97,97,95.2,97,922,943,918,920,93.1866,192.8361,9151.3926,296.2766
2020-07-20,93.5,93.9,91,93,97,97,96.3,97,940,940,910.5,940,95.1504,201.1245,9164.2314,298.6708
2020-07-21,92.85,92.85,91,91.2,96.05,101,95.35,101,922,940,922,925,93.8372,198.4155,9374.8877,299.3064
2020-07-22,92,92.3,91.5,91.9,100.4,100.4,97.5,99,925,940,915,915,94.1008,201.267,9525.3633,301.01
2020-07-23,92.5,92.9,90.5,92,98.2,98.5,93,98,916.5,925,875.5,900,89.8176,192.513,9581.0723,297.4185
2020-07-24,92.5,93.3,91.25,93.05,97,98,96,97,896,910.5,896,900.5,89.5951,191.3343,9536.8926,295.5029
2020-07-27,91.9,92.25,89.7,90,96.8,97.35,95.05,97.25,900,900,865.5,884,91.7186,193.7581,10990.873,297.6579
2020-07-28,89.9,89.9,88.1,88.95,97.5,97.6,95.2,97,884,910,856.5,900,90.2119,192.0187,10912.8232,295.77
2020-07-29,89.15,90.5,88.95,90.5,97,97.8,95.65,97.2,905,907.5,870,900,91.9411,193.9577,11100.4678,299.4076
2020-07-30,90.3,90.3,88,88,97.25,97.25,96.2,96.5,900,900,885,890,93.0536,193.8056,11111.2139,298.3394
2020-08-03,87,88,85,85,95,95.5,91.55,94,870,870,840,860,105.3854,205.8198,11246.3486,302.7873
2020-08-04,85.25,87.5,85.25,87.15,94,96.95,94,95.5,850,873,847,865,106.0892,202.7308,11205.8926,303.9569
2020-08-05,87.2,91.5,87.2,91,95.5,97.35,94,97,880,888,866,870,106.4738,202.3981,11747.0225,305.8448
2020-08-06,91.4,92,90.1,91,97.25,97.55,96,97.5,870,878,851,878,110.1886,205.6393,11779.7734,307.8892
2020-08-07,91,91,89.2,89.9,100.1,104,99,103.9,876.5,876.5,846,850.5,107.6833,201.9609,11601.4727,308.1102
2020-08-10,90,90,88.7,89,103.1,105.9,102.4,105.9,850.5,865,835,862,109.2485,197.9403,11878.1113,309.0312
2020-08-11,89.15,89.5,88,88.5,105.9,109.7,103.1,109,859.5,874,852.5,858,105.9994,193.3114,11410.5254,306.4802
2020-08-12,89.05,90,88.85,90,109,109,107.5,108.6,865,870,860.5,870,109.5223,198.8337,11584.9346,310.7533
2020-08-13,90.9,92.75,90.9,92,108,108.5,106.5,108.2,872,897,872,897,111.4605,198.368,11784.1377,310.1915
2020-08-14,92.5,92.9,91.5,92,108.2,109.3,104,108,881.5,900,874.5,900,111.3612,198.5581,11768.8711,310.2007
2020-08-17,91.95,91.95,90.2,91,107,108,105.1,107.5,900,905,875,880,111.0704,199.8698,12254.4023,311.1861
2020-08-18,92,92.5,91.2,92.05,107.1,110.8,107.1,110,896,915,880.5,910,111.996,201.0199,11991.2334,311.8584
2020-08-19,92.5,92.7,91.55,91.8,110,110,106,108.1,918,920,898,900,112.1365,199.8003,11758.2832,310.5599
2020-08-20,91.85,91.95,88.55,89.05,107.1,109.6,106.6,108,900.5,907,881,900,114.6248,204.45,11878.3721,311.5269
2020-08-24,90,90,87.05,87.05,107.3,109,106.1,107.5,890,890,872,883,121.9733,203.6019,11774.5957,315.7999
2020-08-25,87.05,88.1,86.75,87.5,105.1,107.7,105.1,106.5,883,889,877,881,120.9726,206.2507,11366.1348,316.905
2020-08-26,87.4,88,86.05,86.95,106,106.5,102,106.5,877,887.5,869.5,887,122.6177,210.7097,11488.3633,320.0822
2020-08-27,87.15,87.8,87.05,87.05,107,107,104.5,105,887,887,872,873,121.1519,215.8834,11323.3975,320.782
2020-08-28,87.1,87.35,86,86,104.5,107.4,104.5,105,870,879.5,847,850,120.9557,218.1034,11542.5,322.854
2020-09-01,87.45,87.95,87,87.6,107,107.8,101.6,101.6,853,885,837,837,130.0389,216.5409,11970.4785,324.7143
2020-09-02,87.8,87.95,85.1,85.75,103.3,104.7,101.6,102.5,841,855,831,840.5,127.3447,220.7141,11414.0342,329.4111
2020-09-03,85.95,86.5,85.2,86.2,102.6,105.9,102.5,105.4,841,847,831,836.5,117.1494,207.0415,10245.2969,318.0746
2020-09-04,86.25,87.8,86.15,87.8,104.9,104.9,102.5,104,835.5,846,810,846,117.2269,204.1355,10511.8135,315.4776
2020-09-08,90.9,93.5,90.2,93.5,106.7,108,105.3,107.5,871,908,871,908,109.3381,193.0926,10131.5166,306.8578
2020-09-09,93,93,91.1,91.25,105.6,106.4,105.6,105.6,890,902.5,885,887,113.6993,201.3153,10242.3477,312.9174
2020-09-10,91.1,92.15,90.2,92,106.1,107,105.3,106,887,899,864,880,109.9874,195.6747,10363.1387,307.484
2020-09-11,90.9,91.65,90.85,91.1,107,107.5,105,107.5,880,905,872,905,108.5434,194.3979,10400.915,307.6405
2020-09-14,91.1,91.1,89.5,89.5,107.5,108.5,105.3,108.5,900,919.5,890.5,915,111.7997,195.7128,10680.8379,311.6926
2020-09-15,89.8,90.05,88.85,90.05,109,109,106.1,107,910.5,937,900,937,111.9742,198.9237,10796.9512,313.2673
2020-09-16,90.5,90.5,88,88,107.7,107.7,105.7,107.1,922,927,910,910,108.6694,195.3698,10974.9053,312.0241
2020-09-17,88.9,88.9,86.85,88,106,108.5,105.2,108.5,910,915,893,905,106.9347,193.3309,10948.9902,309.2798
2020-09-18,88,89.1,86.65,89,107,109.3,106.3,109.2,905,914,872,872,103.5427,190.9298,10944.5859,305.7192
2020-09-21,88.85,90.85,88.5,90.1,108.5,108.9,106.6,108.9,880,889,865.5,879.5,106.6827,192.9783,10462.2598,302.3167
2020-09-22,89.5,89.5,87.65,88.3,108.9,108.9,106.7,108,875,887,860,887,108.3593,197.6279,10538.46,305.3956
2020-09-23,88.4,89.4,88.3,88.4,108,108,105.1,105.1,888,888,876,885,103.814,191.1204,10246.1865,298.3131
2020-09-24,88.4,88.6,87.5,87.5,106,107.9,105.2,107.3,884.5,884.5,865,872,104.8801,193.5976,10760.0664,299.1082
2020-09-25,86.2,87.65,85.85,87,107.1,107.4,106.3,107,872,881,865,869,108.8148,198.0091,10692.7168,303.9439
2020-09-28,87,87.7,86.45,86.45,107,108.6,106.5,108,881,895,869,895,111.4121,199.5526,10709.6523,308.9922
2020-09-29,86.8,87.1,86.5,86.5,107.3,108.5,107,108,890,890,876,880,110.5689,197.4755,10844.6406,307.3095
2020-09-30,87.1,87.1,86.25,86.25,107.3,109.8,107.2,109.7,894,894,866.5,880,112.2358,200.4006,10784.4912,309.6396
2020-10-01,86.75,87.8,86.7,87.8,110,115,109.5,115,886,890,872,890,113.1856,202.43,10619.4521,311.6274
2020-10-02,87.95,89.9,87.6,89.9,115,115.2,113.1,115.1,890,891,877.5,886,109.532,196.456,10575.9746,308.6686
2020-10-05,89.9,90,88.05,88.3,115,115,113.4,114,888.5,898,875,875,112.9045,200.4482,10793.3398,314.1424
2020-10-06,88.4,88.5,86.55,86.55,113.5,117.6,111,117.6,875,885,870,871.5,109.6676,196.1892,10604.4062,309.6765
2020-10-07,86.6,88,86.6,88,115,115.4,112.1,113.9,879,879,861,865,111.5284,199.9242,10668.9688,315.0668
2020-10-08,88.2,88.5,87.3,87.95,113.5,115,112.1,114,865,888,850,888,111.4218,200.6387,10915.6855,317.8591
2020-10-09,88,88.5,87.65,87.8,114.1,116.8,114.1,115.6,887,899.5,887,899.5,113.3601,205.6219,11064.458,320.6977
2020-10-12,87.8,88.25,87.75,87.8,116.2,120,115.2,120,899.5,903,894.5,900,120.5607,210.948,11555.3633,325.857
2020-10-13,88,88,87.4,87.4,119.9,120.5,118.2,119.7,900,900,884,884,117.3626,212.339,11425.8994,323.7304
2020-10-14,87.8,87.95,87.2,87.6,119,119,116.4,116.9,884,890,864,864,117.4498,210.4335,11429.5068,321.6962
2020-10-15,87.6,88.6,87.5,87.5,116.9,120.3,116.9,119,864.5,880,864.5,874,116.9846,209.2901,11495.3496,321.2987
2020-10-16,87.5,88.4,87.5,87.5,117.1,118.9,117.1,118,865,875,864,864,115.3468,209.2901,11322.123,321.1046
2020-10-19,87.7,89.1,87.65,89,118,118.4,116.3,117,866,894,866,894,112.4006,204.1069,11742.0371,316.2227
2020-10-20,89.1,92.45,89.1,90.8,117,118,113.7,116.2,893,917,891.5,910,113.8834,204.5166,11916.335,317.4893
2020-10-21,92,94,92,93.95,116.3,117.5,116.2,116.2,910,938,910,921,113.2631,204.6595,12823.6895,316.8883
2020-10-22,95.6,97.6,95.25,95.75,116.2,116.2,114.8,115.8,934,945,917.5,945,112.1777,204.7453,12965.8916,318.6265
2020-10-23,95.85,98.3,95.85,97,115.6,117.3,115.2,115.7,950,989,950,970,111.4896,206.022,12931.5391,319.7084
2020-10-26,97,97,95,95.25,115.8,117,115.8,116.3,971,997,953,981,111.4993,200.1623,13075.248,313.8002
2020-10-27,95.25,95.3,91.9,91.9,116.6,118,116.4,117,980,989.5,963,969,113.0015,203.1827,13654.2188,312.7184
2020-10-28,92,93.7,91.6,92,116.5,118.8,116.5,116.9,970.5,979.5,963.5,965,107.7681,193.1117,13271.2852,302.0301
2020-10-29,90.8,91,89,89,116,116,111.5,114.5,964.5,965,942.5,950,111.761,195.0554,13437.8828,305.0997
2020-10-30,89,89.9,88.35,88.9,113.3,115,113.3,115,940.5,959,931,950,105.5003,192.9117,13546.5225,301.9191
2020-11-03,89,90.55,88.85,90,115,117.8,114,115,969,975,931.5,974.5,107.0316,196.6847,13950.3008,310.6936
2020-11-04,91,91.15,90.2,90.5,115.1,116,113.5,115.5,974.5,996,951.5,996,111.4024,206.1745,14133.707,317.6373
2020-11-05,90.95,93.25,90.6,92.85,115.5,122,115.5,120,995,1047,984.5,1010,115.3565,212.7487,15579.8486,323.832
2020-11-06,93,93.5,90.1,92,121,125,117.9,125,1029,1029,991,1010,115.2254,213.1584,15565.8809,323.758
2020-11-09,92.15,93.2,92.05,92.65,123.5,126.5,123.1,125,1002,1006,982,990,112.9246,208.0801,15332.3154,327.8264
2020-11-10,96.05,99,95.5,95.5,125.1,129,125.1,128,1025,1100,1025,1100,112.5848,201.0484,15290.9023,327.3456
2020-11-11,94.8,98.15,92.1,94.3,128,129,126.2,129,1056,1090,1046,1049,116.0021,206.3269,15701.3398,329.7773
2020-11-13,95,95,92.2,93,129,129,127,128.7,1040,1060,1030,1030,115.7788,206.2888,16317.8086,331.0994
2020-11-16,94.3,94.35,92.25,92.6,128,128,126.5,127,1038,1050,1006,1015,116.7884,206.9748,16716.1113,335.2325
2020-11-17,93.2,95.45,92.75,95.3,126.8,127.3,125.1,127.3,1030,1030,1002,1002,115.905,204.3356,17645.4062,333.4294
2020-11-18,95.6,97.85,95.4,97.35,127.3,128.9,127.3,128,1005,1029,999.5,1029,114.5847,201.6417,17804.0059,329.4167
2020-11-19,97.95,100.8,97.15,99,127.5,128,120,128,1004,1020,995.5,1005,115.1769,202.9218,17817.0898,330.8036
2020-11-20,101,104.7,100.6,104.7,126.8,129.7,126.1,128,1006,1050,1006,1050,113.9148,200.9825,18621.3145,328.5383
2020-11-23,105,110,104.9,107.4,128,128,124.2,125.2,1035,1070,1035,1055,110.5267,200.7151,18364.1211,330.5077
2020-11-24,108.9,111.3,104,108.9,125.2,127.3,124.9,126,1053,1053,1015,1030,111.8082,204.2973,19107.4648,335.8334
2020-11-25,110,111,107.1,107.9,127.4,127.5,121.8,121.8,1030,1030,1017,1021,112.6431,204.3069,18732.1211,335.3156
2020-11-27,105.5,105.5,103.3,103.3,117,117,115.1,116.8,1011,1023,970,970,113.1867,205.6061,17108.4023,336.2495
2020-12-01,101.1,105,101,105,117.2,124,116.5,124,970,1019,965,1019,119.1378,206.5423,18802.998,338.4223
2020-12-02,107,107,103.8,104.1,122.9,123,121,121.9,1017,1044,1007,1030,119.4873,205.7399,19201.0918,339.1343
2020-12-03,104.7,107.5,104.1,107.5,121.7,123,119,121.5,1030,1047,1007,1047,119.3514,204.6604,19445.3984,339.0418
2020-12-04,107.5,108.6,106.7,108.4,122,122.8,120.6,121,1033,1044,1019,1026,118.6815,204.775,18699.7656,341.9635
2020-12-07,108.9,109.5,107.7,109.5,121,126,120.9,126,1044,1054,1020,1050,120.1377,204.7082,19191.6309,341.2608
2020-12-09,109.6,109.9,107,107,125.9,125.9,119.4,119.4,1040,1079,1030,1039,118.2252,202.3295,18553.916,339.1897
2020-12-10,107,108.6,107,108.3,120,124.8,120,123.2,1040,1054,1040,1050,119.6426,201.1068,18264.9922,339.0788
2020-12-11,108.3,110.4,108.2,110.1,124.4,125.6,122.6,123.5,1055,1085,1054,1068,118.8369,203.7242,18058.9043,338.6812
2020-12-14,110.3,113.6,110.3,113.5,124.4,126.5,124,125,1068,1085,1040,1065,118.2252,204.6222,19246.6445,337.1648
2020-12-15,113.5,114.5,111.4,114.5,126.8,126.8,121.2,121.2,1050,1064,1031,1050,124.1471,204.5553,19417.0762,341.7231
2020-12-16,114.5,115.4,112.6,115.4,123.6,125,122.3,123,1042,1075,1035,1075,124.0792,209.475,21310.5977,342.2594
2020-12-17,114.8,114.9,113.5,114.9,124,125,123.5,124,1068,1095,1050,1094,124.9432,209.6087,22805.1621,344.1733
2020-12-18,114.6,114.6,112,112,124.1,124.9,124.1,124.3,1069,1090,1053,1065,122.9628,208.8159,23137.9609,342.799
2020-12-21,111,111.5,108.1,109.9,124.3,124.5,122,124,1061,1081,1042,1065,124.4869,212.637,22803.082,341.5734
2020-12-22,109,109.4,105.1,107.9,124.9,124.9,121.2,122,1065,1075,1046,1075,128.0304,213.9267,23783.0293,340.9976
2020-12-23,106.8,108.5,105.4,106.8,123,124,120.5,123.8,1070,1078,1049,1077,127.1372,211.1372,23241.3457,341.3041
2020-12-28,105,105.4,103.5,104.5,122.1,124.8,120.1,122,1065,1068,1050,1050,132.7,214.9011,27084.8086,345.5754
2020-12-29,104.5,107.6,104.5,106.8,122,124.4,122,123.5,1050,1060,1042,1049,130.9331,214.1273,27362.4375,344.9161
2021-01-04,106.9,108,104.7,105,124.5,127,123.5,126,1055,1068,1046,1060,125.6325,207.9561,31971.9141,342.4369
2021-01-05,104.5,104.5,101.6,102.4,126,126,123.6,126,1064,1067,1046,1050,127.1858,208.1568,33992.4297,344.7954
2021-01-06,102,102,99,99.9,124.9,125.2,119.3,121.6,1050,1060,1025,1040,122.9045,202.7594,36824.3633,346.8567
2021-01-07,101,107,101,107,123,125.8,122.1,125.8,1040,1054,1031,1034,127.0984,208.5293,39371.043,352.0102
2021-01-08,107.5,109,106.6,109,125.6,127,124.6,125,1042,1050,1037,1050,128.1954,209.7998,40797.6094,354.0159
2021-01-11,109,112,108.8,110.9,125.6,127,124.8,125.5,1050,1095,1050,1050,125.215,207.7651,35566.6562,351.6295
2021-01-12,110.9,111,108,111,126.5,126.5,123.1,126.5,1060,1088,1052,1068,125.0403,205.3195,33922.9609,351.7038
2021-01-13,111.1,112.7,110.6,111.5,125,126,123,124.3,1068,1086,1052,1079,127.0693,206.6665,37316.3594,352.6508
2021-01-14,109.5,113,108.7,113,123.2,126.8,123.2,124.5,1065,1087,1065,1077,125.1471,203.4949,39187.3281,351.416
2021-01-15,112.5,113.5,111.6,112,126,127,124.5,126.8,1077,1084,1051,1051,123.4288,203.1415,36825.3672,348.8532
2021-01-19,109.6,111,108,111,124.5,126.9,124.1,126.8,1042,1074,1040,1072,124.0986,206.762,36069.8047,351.5923
2021-01-20,110,111,108.8,111,126.8,128.5,125.2,128.4,1056,1078,1045,1067,128.176,214.3088,35547.75,356.4579
2021-01-21,110.9,112,109.3,112,128.6,131.4,128,128.6,1069,1069,1051,1067,132.8747,214.9106,30825.6992,356.7829
2021-01-22,111.4,111.9,109.2,111.1,128.6,128.6,125.6,128.5,1052,1057,1026,1035,135.0105,215.8467,33005.7617,355.5201
2021-01-25,110.9,111.9,109.5,111.9,128.4,128.5,126.1,127.9,1040,1047,1032,1038,138.7481,219.2667,32366.3926,356.9222
2021-01-26,110.7,110.8,106.8,108,127.5,127.5,125.7,127,1035,1035,1020,1020,138.9811,221.9415,32569.8496,356.365
2021-01-27,107,107,103.6,104.5,126.4,127,123.2,124,1020,1029,996,1029,137.9132,222.486,30432.5469,347.6552
2021-01-28,103.8,106.4,103,103.8,123.8,126,122,122,1010,1043,1000,1026,133.0883,228.2464,33466.0977,350.6453
2021-01-29,103.9,104.5,100.7,100.7,121.6,123.5,118.5,118.5,1016,1033,985,985,128.1081,221.5881,34316.3867,343.6254
2021-02-01,100.7,104.3,100.2,104,119.3,123.5,118.5,119.1,981,1005,976,1005,130.2244,228.9342,33537.1758,349.3453
2021-02-02,104.7,105.3,103.1,105.3,121,122.2,119.5,119.5,1010,1050,1006,1006,131.0496,228.8005,35510.2891,354.2851
2021-02-03,105.4,106.7,105,105.2,120.9,124,120.1,123.4,1012,1026,1007,1010,130.0303,232.1344,37472.0898,354.5637
2021-02-04,106,106.8,104,106.5,123.9,125.8,122.1,124,1010,1034,981,1033,133.3796,231.1887,36926.0664,358.5935
2021-02-05,106,109,105.4,109,124.9,126,123,123.6,1029,1046,1010,1039,132.9663,231.3702,38144.3086,360.0049
2021-02-08,109,112,108,111.1,123.6,125.8,123.1,124.5,1020,1048,1013,1020,133.1122,231.6281,46196.4648,362.6049
2021-02-09,110.5,113.5,110.5,112.5,125.6,127,124.5,125.9,1020,1059,1019,1056,132.2371,232.87,46481.1055,362.3634
2021-02-10,112.4,112.5,106.1,107.3,125.9,126,123.6,124.5,1055,1095,1052,1078,131.6344,231.9624,44918.1836,362.2056
2021-02-11,107.8,108.6,107,107,124.2,125,123.2,125,1060,1078,1059,1068,131.3816,233.5578,47909.332,362.7906
2021-02-16,107.2,109.2,107.2,109,122.2,123.4,121.1,122.4,1060,1070,1060,1070,129.4954,232.8031,49199.8711,364.2669
2021-02-17,108,108.5,105.2,105.6,122,122.1,120.1,122,1056,1069,1030,1060,127.2105,233.818,52149.0078,364.3506
2021-02-18,107,107.9,105.9,107.6,121,122.3,119.1,119.1,1050,1060,1033,1036,126.1119,233.4255,51679.7969,362.7999
2021-02-19,107.3,108.5,106.5,108.5,120,122.7,120,120,1038,1074,1038,1065,126.2675,230.7253,55888.1328,362.1592
2021-02-22,107,107.7,106,106,120,122,118,118.5,1060,1065,1031,1034,122.5048,224.54,54207.3203,359.3736
2021-02-23,105.9,105.9,104.1,105,118.3,120,117.2,120,1030,1060,1010,1060,122.3687,223.3527,48824.4258,359.81
2021-02-24,105,105.7,103,103.2,120.9,123,120,122,1054,1054,1035,1038,121.8728,224.5783,49705.332,363.7748
2021-02-26,103.3,107.5,103.3,105.5,122.7,124.6,119.9,119.9,1010,1027,1006,1009,117.8963,222.5006,46339.7617,353.1801
2021-03-01,105.5,109.9,105.5,109.4,120.7,123,120.3,120.5,1025,1025,1009,1025,124.2452,226.8667,49631.2422,361.7413
2021-03-02,109.3,109.4,107.5,109.3,121.3,121.9,118.4,120.1,1015,1052,1015,1046,121.6492,223.9272,48378.9883,358.9185
2021-03-03,109.4,109.4,107.2,109,121.9,121.9,119,120.8,1046,1057,1026,1057,118.6741,217.8855,50538.2422,354.1644
2021-03-04,109,110.4,107.5,108.9,121.7,122.9,118.8,118.8,1045,1046,1012,1040,116.7976,217.0907,48561.168,349.7818
2021-03-05,109.4,110.8,108.1,110.8,120.7,125.4,120.5,124.9,1030,1043,1024,1041,118.0519,221.7537,48927.3047,356.2165
2021-03-08,110.3,110.3,105.5,106,125,125.5,124.5,125.3,1040,1041,1023,1039,113.1322,217.7227,52246.5234,354.443
2021-03-09,106,109.3,104.4,108.9,125.3,129.4,124,127.6,1030,1042,1023,1040,117.731,223.841,54824.1172,359.5035
2021-03-10,107.2,108.6,105.7,105.9,128,129.6,127.8,128.4,1035,1057,1025,1057,116.6518,222.5388,56008.5508,361.7413
2021-03-11,106,106.6,104.3,105,128.4,128.6,126.1,127.9,1041,1045,1026,1030,118.5769,227.0486,57805.1211,365.4091
2021-03-12,105.9,106.9,103.4,105.9,127.9,127.9,124.4,127,1031,1040,1030,1034,117.6727,225.7273,57332.0898,365.9012
2021-03-15,103.5,103.9,101.6,102.3,126,126.5,120.2,122.6,1035,1035,998,1018,120.5506,224.8272,55907.1992,368.0833
2021-03-16,102.5,104.6,101.7,104.6,124.5,126.5,124.5,125,1000,1017,999,1003,122.0868,227.604,56804.9023,367.619
2021-03-17,104.6,104.7,103.2,103.8,126.8,127.6,125.8,127.6,1002,1008,990,1005,121.2992,226.9624,58870.8945,368.8726
2021-03-18,104.4,106.9,104.4,106,127.8,127.8,125.2,126.5,1006,1017,987,987,117.1865,220.9111,57858.9219,363.5055
2021-03-19,105.3,106.8,102,102,126,127.5,123,124,990,1002,958.5,958.5,116.6615,220.5568,58346.6523,362.8329
2021-03-22,101.3,103.7,100.6,103.4,123.5,125.7,122.1,123.7,950,968,940,961,119.9672,225.9571,54529.1445,365.7301
2021-03-23,102.5,105,102.5,105,123.7,124.9,123,123.4,952,967.5,952,963,119.1408,227.4795,54738.9453,362.8516
2021-03-24,104.9,105,103.4,105,123.4,126.5,123.1,126.5,951.5,970,950,970,116.7588,225.4496,52774.2656,361.007
2021-03-25,104.9,105.4,104.3,105,124.5,127.3,124.5,126.5,962,996.5,962,984,117.2449,222.4622,51704.1602,363.0379
2021-03-26,105.1,105.5,104.6,105,126,126,124.2,124.5,972,983.5,960,980,117.8477,226.4263,55137.3125,368.8883
2021-03-29,103,106.6,102.1,106,122,125.4,121.9,124.1,974,995,962,970,118.0227,225.239,57750.1992,368.7019
2021-03-30,106,106,103.5,103.9,124,124,121.1,121.1,971,987,955.5,970,116.574,221.9931,58917.6914,367.7238
2021-03-31,103.6,103.8,101.6,102,121.4,122.1,121,121,972,972,960,960,118.7616,225.7464,58918.832,369.2144
2021-04-05,101.6,103,101,101.5,121.1,122.9,121.1,122,956,984,956,984,122.4076,238.481,59057.8789,378.558
2021-04-06,102,103.5,101.1,101.8,122.1,128,121.8,128,982,992,972,992,122.709,237.3224,58192.3594,378.3344
2021-04-07,102.1,102.5,101.7,101.8,127,127.9,126,127.5,992,1009,987,998,124.3521,239.2757,56048.9375,378.7723
2021-04-08,102.3,102.6,101.3,101.4,127.6,128,122.8,125.5,1003,1003,965,965,126.7439,242.4833,58323.9531,380.5703
2021-04-12,101.5,103.6,101.5,103.5,127.4,127.4,123.2,124.8,971,993,970,972,127.5995,245.0302,59893.4531,383.4768
2021-04-13,103.5,103.5,101.3,101.4,125.9,127.4,124.6,126.6,971,974.5,957.5,970,130.701,247.5005,63503.457,384.6133
2021-04-14,101.6,104,101.6,104,126.9,126.9,125.4,126.6,968,980,965.5,980,128.3675,244.7238,63109.6953,383.2999
2021-04-15,103,104.9,102.5,104.9,126,126.9,125.1,126.5,980,980,970,980,130.769,248.4676,63314.0117,387.4174
2021-04-16,104.5,104.8,103.2,104.8,126.2,128,126.2,127.9,980,982.5,970.5,978,130.4384,249.6549,61572.7891,388.7124
2021-04-19,104.9,105.4,104,105.2,127.9,130.4,127.1,129,977,980,965.5,975,131.0996,247.7399,55724.2656,386.8025
2021-04-20,105.2,106.5,104.4,106.5,129,130,128.2,130,973,978,970,977,129.4176,247.2803,56473.0312,383.9706
2021-04-21,106.2,107,105.6,105.6,129.9,130.5,129.1,130,970.5,974,965,968,129.7968,249.5016,53906.0898,387.6037
2021-04-22,105,105,102.4,103,130.3,130.3,127,128.9,968,974.5,965,970,128.2801,246.2366,51762.2734,384.0637
2021-04-23,103.1,105.1,103.1,105,129.9,129.9,129,129.4,970,970,951,952,130.594,250.0474,51093.6523,388.2279
2021-04-26,105.4,105.8,104.5,105.2,129.4,129.4,126.9,127.5,969,969,952.5,958,130.9829,250.4304,54021.7539,389.0384
2021-04-27,105.5,105.6,103.4,104,127.5,129,126.2,127,953.5,967,953.5,959,130.6621,250.8326,55033.1172,388.9546
2021-04-28,104.4,105.9,103.2,105.9,127.6,129.5,126.7,129.5,958,990,955,990,129.8746,243.7376,54824.7031,388.8427
2021-04-29,104.5,106,104.1,106,129.5,131,127.6,131,980,980,961,968,129.7773,241.7747,53555.1094,391.3208
2021-04-30,105.9,105.9,103.1,103.1,131,131,129,129.9,968,977,961,961,127.8134,241.4587,57750.1758,388.7495
2021-05-03,103.4,104.1,103.4,103.7,129.9,130.4,129.3,129.3,962,967,960,960,128.8634,241.1524,57200.293,389.588
2021-05-04,104,105.2,103.6,104.8,129.4,130.9,129.4,130.1,965,968.5,957.5,960,124.3035,237.2554,53333.5391,387.1846
2021-05-05,104.8,104.8,103.6,104.8,130,130.7,128.5,128.5,955,957.5,950,951,124.5466,235.9915,57424.0078,387.3056
2021-05-06,104.8,104.8,103.8,104.8,128.6,128.9,127,128.5,951.5,957,921,921,126.1411,239.1129,56396.5156,390.3985
2021-05-07,104.2,104.6,103.5,104,129.7,136,129.1,135.4,922,936,920,920,126.8131,241.7269,57356.4023,393.2398
2021-05-10,104,105.5,103.6,105.5,135.6,142,135.6,141.2,921,939,920,939,123.5407,236.6713,55859.7969,389.3458
2021-05-11,105,106.5,105,106,141,143.3,139.1,140,930,940.5,923.5,940,122.6253,235.7617,56704.5742,385.871
2021-05-12,105.9,105.9,103.5,105.6,139.8,140,138.4,138.6,927,930,920,923.5,119.5672,228.8391,49150.5352,377.673
2021-05-14,105.9,106,102.5,106,137,139,135,138,925,963.5,880,963.5,124.1251,237.6001,49880.5352,388.0789
2021-05-17,104.2,105.9,104.2,105.9,138.7,139,135,138,938,941,914,930,122.9759,234.7564,43537.5117,387.0914
2021-05-18,104.5,105,102.5,102.5,138,140,138,139.9,915.5,927,905,927,121.5929,232.7456,42909.4023,383.7563
2021-05-19,102.8,103.6,102.3,102.7,140.1,140.1,139.3,140,927,936.5,909,924,121.4371,233.3215,37002.4414,382.7502
2021-05-20,103,103.3,102.6,102.6,140,140,138.6,139.8,924,924,900,900,123.9887,236.5461,40782.7383,386.8677
2021-05-21,102.6,103,101.8,102,140,140,137.2,138.6,903,922,901,910,122.1578,235.2888,37304.6914,386.551
2021-05-24,102,102.4,100.7,101.1,138.6,139.9,137.4,139.9,918,918,901.5,906.5,123.7842,240.6727,38705.9805,390.4916
2021-05-25,101.5,102.2,101.1,101.1,138.3,139.7,138,138,905.5,917,904,912.5,123.5894,241.5749,38402.2227,389.6254
2021-05-26,101.3,102.9,101.2,101.4,140,146.9,139.3,145.6,917,938,912,930,123.5407,241.3542,39294.1992,390.3985
2021-05-27,101.7,103.2,98.5,98.5,146.3,146.3,142.5,144,935,1004,931,1004,122.0117,239.262,38436.9688,390.6035
2021-05-28,101,102.7,100.8,101.8,145,146.5,143.7,146.4,989,989,965.5,980,121.3592,239.6171,35697.6055,391.3022
2021-06-01,103.6,105.8,103.4,105.8,143,145.5,142.7,143.5,970,970,957,960.5,121.0378,237.429,36684.9258,390.9575
2021-06-02,105,107.3,104.8,106.5,145,150,144.5,149.1,965,1000,965,1000,121.7974,237.333,37575.1797,391.5723
2021-06-03,106.2,106.6,105.1,105.2,149.1,149.3,147,148.4,997.5,999,980.5,998,120.3171,235.8071,39208.7656,390.119
2021-06-04,105.8,107.7,105.7,107,148,149.5,147.7,148,999,1007,992,1000,122.6058,240.6823,36894.4062,393.687
2021-06-07,107,107,105.9,106.4,147.9,147.9,146.5,147,1000,1000,980,990,122.6155,243.5806,33560.707,393.305
2021-06-08,106.4,107.8,105.5,106.9,147,150.7,146.8,149.9,1001,1008,992.5,1002,123.4336,242.3906,33472.6328,393.3888
2021-06-09,107.3,110.3,107.3,110.3,149.5,151,147.2,150,1001,1013,998,1000,123.8134,243.3695,37345.1211,392.8019
2021-06-10,110.1,110.1,108.2,109,150,150.8,149.3,150,1004,1010,1000,1009,122.82,246.8723,36702.5977,394.6279
2021-06-11,110.6,110.6,108.6,109.6,150,152.5,149.4,151,1005,1019,1001,1019,124.0277,247.4962,37334.3984,395.28
2021-06-14,110,114,109.8,114,150.5,154.8,150,153.7,1010,1010,996,1000,127.076,249.4155,40218.4766,396.1649
2021-06-15,113.7,114.1,112,112.7,153,154,150.5,154,1000,1027,996.5,1015,126.2579,247.9473,40406.2695,395.4383
2021-06-16,112.7,118.1,112.7,117.9,153.9,154.1,151.1,152,1003,1019,1000,1000,126.7547,247.0067,38347.0625,393.2305
2021-06-17,117.7,117.7,115.4,116.4,152,157.5,151.9,153,1002,1007,991,999,128.3519,250.3849,38053.5039,393.1001
2021-06-18,116,117,113,113.1,152,160,152,160,995.5,1003,985,1000,127.0566,248.9741,35787.2461,387.797
2021-06-21,113.3,114.5,112.6,114.4,158,159,155.3,158,999,999,981.5,984,128.8485,252.0452,31676.6934,393.3487
2021-06-22,114.4,115.7,113.6,114.4,157.6,158.6,156,156.6,985,1007,985,1000,130.4847,254.8091,32505.6602,395.4517
2021-06-23,114.4,115.5,113.6,114.1,157.2,162.5,157,161,992,1000,990,1000,130.212,254.5788,33723.0273,394.9749
2021-06-24,114,114.5,113.5,113.9,161,161.4,158.9,159,998,1001,986,986,129.9296,255.9415,34662.4375,397.3116
2021-06-25,113.9,115,113.6,115,161,164.8,160,164,988.5,997,988.5,995,129.6374,254.3388,31637.7793,398.7227
2021-06-28,115,115.2,112,113.2,164.9,164.9,161.4,161.4,996,1005,995.5,1005,131.2639,257.8897,34434.3359,399.5266
2021-06-29,113.2,115,113.1,115,161.5,162.2,159,161.9,1003,1015,999,1015,132.7734,260.4618,35867.7773,399.7415
2021-06-30,114.1,115,113.2,113.2,161.9,165,161.9,163.7,1013,1014,999.5,999.5,133.387,259.9818,35040.8359,400.0779
2021-07-01,114,115.5,114,115,164,164.8,160,160,1015,1021,1011,1016,133.6889,260.6536,33572.1172,402.2931
2021-07-02,115,115.4,114.1,115.4,161,166.4,161,165.3,1017,1021,1006,1018,136.3087,266.4598,33897.0469,405.368
2021-07-06,115.4,115.5,114.5,114.6,165,165,164.2,164.9,1020,1020,1011,1014,138.315,266.4695,34235.1953,404.6297
2021-07-07,114.6,114.9,113.5,114.5,164.1,166.4,163.9,164,1014,1014,1005,1012,140.7985,268.6479,33855.3281,406.0597
2021-07-08,114.5,114.7,113.7,114.2,163.9,164.9,163.9,164.5,1012,1015,984,1010,139.5032,266.2391,32877.3711,402.7511
2021-07-09,113.5,114,110.1,111.5,164.2,164.3,158.5,160,1002,1010,986.5,1000,141.3244,266.7381,33798.0117,407.0504
2021-07-12,111.5,113,111.1,112.5,160,164,159.7,164,999,1019,992,1019,140.7303,266.1431,33155.8477,408.5085
2021-07-13,112,112,109.7,110.7,163.9,165.9,160.6,165.5,1019,1020,990,990,141.8405,269.6555,32702.0254,407.1158
2021-07-14,110.4,111.8,110.4,111.5,165.9,167.8,165.3,167.5,992,1010,989.5,1010,145.259,271.1239,32822.3477,407.7232
2021-07-15,111.5,111.8,109.2,109.5,167.6,167.7,162.6,162.8,1000,1009,989,990,144.6064,269.7036,31780.7305,406.3307
2021-07-16,109.5,110,108.6,109.1,162.8,165,162,163.9,990,996.5,956,956,142.571,269.4349,31421.5391,403.1437
2021-07-19,108,109,106,108.5,162.5,162.8,155,159,960,976.5,931,951,138.7337,265.8456,30817.832,397.19
2021-07-21,108.3,108.3,104.1,104.1,159,161.8,155.2,157,961,964,924,940,141.6068,270.0587,32110.6934,406.1438
2021-07-22,104.5,107.6,104.5,107.6,156.1,159.8,156.1,157.1,950,960,940.5,960,142.9703,274.6076,32313.1055,406.9944
2021-07-23,107,107.6,104.3,105.6,157.1,161,157.1,161,969,969.5,941.5,966,144.6843,277.9953,33581.5508,411.1815
2021-07-26,105,105.2,102.3,102.3,161,161,152,154.1,965,965,945,945,145.1031,277.4003,37337.5352,412.1908
2021-07-27,102.9,106.4,102.6,106.4,154.1,163,152,163,963,963,946,956,142.9411,274.9915,39406.9414,410.3123
2021-07-28,106,107.8,104.2,104.2,160.1,162,156.3,162,956,956,920,954,141.1978,274.6844,39995.9062,410.144
2021-07-29,104.8,106.5,104.5,106.2,161.8,164,159.8,159.8,949,960,938,956,141.8405,274.9531,40008.4219,411.845
2021-07-30,107,108.4,102,102,159,163,153.1,155.5,956,956,910,910.5,142.0548,273.4272,42235.5469,409.8449
2021-08-02,102.2,106.5,102.2,106.5,155.5,161,155.2,161,930,945,912,945,141.7237,273.3408,39201.9453,408.985
2021-08-03,106.4,111,105.2,111,160.9,172,158.2,167.1,945,964.5,921,964.5,143.5157,275.5482,38152.9805,412.3124
2021-08-04,110.7,113.5,110.3,112.9,169.7,174.8,169,174.8,964.5,974.5,950,964,143.1164,274.9627,39747.5039,410.2842
2021-08-05,111,112.7,110.3,111,175,177,167.5,177,975,985,963,963,143.2235,277.8514,40869.5547,412.8825
2021-08-06,110,111,109.5,111,175,186.5,175,184.1,975,978,961.5,963,142.5407,277.7938,42816.5,413.5647
2021-08-09,110.8,110.8,109,110.8,184,187.3,182.8,186,963,989,963,989,142.4919,276.7094,46365.4023,413.2283
2021-08-10,111.2,111.3,109,109.1,186,186,178.5,184,989,989,971.5,989,142.014,274.8955,45585.0312,413.7423
2021-08-11,111,111.5,109.7,111.5,180.6,183.7,180,180,989,1008,981.5,1008,142.2676,275.385,45593.6367,414.7704
2021-08-12,111.4,111.4,108.6,109.3,180,180.3,175.9,178.8,999.5,1001,979,979,145.223,278.1297,44428.2891,416.0134
2021-08-13,109.6,110.2,106.6,106.6,178.8,181.9,170,170,979,989,912,912,145.4278,281.0472,47793.3203,416.7705
2021-08-16,107.9,108.8,107.1,108.8,173,182,173,182,940,964.5,930,964,147.3981,282.7266,46004.4844,417.7519
2021-08-17,109,111.9,108.8,111.1,180,184,179.1,184,957,975,957,960,146.491,281.2679,44695.3594,415.0135
2021-08-18,111.1,112.8,111,112.8,180.1,185.4,180.1,184.3,963,1000,957.5,1000,142.7553,279.5468,44801.1875,410.471
2021-08-19,112,112.2,110,112,182.6,183.9,180.3,183,999,1000,980,999,143.0869,285.3544,46717.5781,411.1067
2021-08-20,112,112.5,110.5,111.9,181.7,182.2,178,178,1002,1002,977,977,144.5403,292.6524,49339.1758,414.3779
2021-08-23,112.3,113.2,111,111,180,185.1,179.2,180,994.5,994.5,963.5,965,146.0228,292.9313,49546.1484,418.0229
2021-08-24,112,113,111.1,112.9,181,182.5,176.5,177.3,967.5,987,967.5,987,145.935,290.9794,47706.1172,418.6866
2021-08-25,112.7,113.5,111,113.5,178,180,178,180,987,1010,974.5,1010,144.7061,290.3929,48960.7891,419.5651
2021-08-26,113.5,113.5,111.9,111.9,180,182.5,178.2,180,1008,1008,982,982,143.9062,287.5851,46942.2188,417.0883
2021-08-27,111.9,112.4,111.1,112,180,180,177.4,178,981,999,975,975,144.9402,288.191,49058.668,420.8175
2021-08-31,112,113.4,109.9,109.9,179,186.1,172,186.1,975.5,1009,953,1009,148.0906,290.2679,47166.6875,422.0419
2021-09-01,110.6,113.1,110.6,113,182,183.9,179,180,998.5,1006,976,985,148.7539,290.2198,48847.0273,422.2661
2021-09-02,113,114.7,112.3,114.6,181.8,182.8,178,178,998,1004,981,981,149.8658,289.5659,49327.7227,423.5653
2021-09-03,113.5,115.8,113.2,115.8,179,180,176,177.2,983,1020,983,1020,150.4998,289.5564,50025.375,423.4625
2021-09-07,116.1,116.5,114,114.8,177.2,180.7,177.2,180,998,1015,996,1015,152.8309,288.6332,46811.1289,421.9484
2021-09-08,114.8,115.5,114.3,114.3,181,186.5,177.5,186.5,1000,1027,996.5,1025,151.2898,288.6621,46091.3906,421.4343
2021-09-09,114.3,115.7,114,114.8,185.3,187.8,184,186,1024,1024,1005,1008,150.2754,285.816,46391.4219,419.6305
2021-09-10,114,114.8,113.3,114.8,186,193.3,185.3,190,1008,1018,1002,1015,145.3011,284.3352,44883.9102,416.3219
2021-09-13,113.9,114.4,113.4,113.4,190,191.8,189,191,1015,1015,1002,1009,145.8668,285.566,44963.0742,417.3873
2021-09-14,113.5,115.4,113,113,191,193,188,188,1010,1016,988,988,144.472,288.2582,47092.4922,415.135
2021-09-15,113,114.3,110.5,110.7,190,191.9,185.1,186,1006,1015,990,1015,145.3596,293.0948,48176.3477,418.6024
2021-09-16,111.7,112.8,111.1,111.9,187.1,193,187.1,191,1000,1013,1000,1005,145.1255,293.4794,47783.3594,417.9388
2021-09-17,112,114.8,112,114.8,192,199,188,188,995.5,1000,989,994,142.4627,288.3352,47267.5195,413.8676
2021-09-20,114.4,114.4,111.7,112,191,191.7,189,190.9,994.5,999,983,986,139.4196,282.9795,42843.8008,406.9668
2021-09-21,111,111.6,109.3,110.5,189.5,193.1,189.5,190.5,980,993,972.5,983,139.8975,283.4602,40693.6758,406.5823
2021-09-22,111,113.3,110.5,110.5,191,196.8,190.5,193,995,995,975,975,142.2579,287.0948,43574.5078,410.5484
2021-09-23,110.8,112.5,110.8,111,193.1,196,193,193,980,995,976,976,143.2137,288.0371,44895.0977,415.5367
2021-09-24,111.1,116.1,111,113.3,193,198,192.5,195,982,984.5,962,965,143.3015,287.8352,42839.75,416.2212
2021-09-27,113.4,115,112.8,113,194,213.6,193.2,204,965.5,977,953.5,960,141.7897,282.8545,42235.7305,415.0304
2021-09-27,113.4,115,112.8,113,194,213.6,193.2,204,965.5,977,953.5,960,141.7897,282.8545,42235.7305,415.0304
2021-09-27,113.4,115,112.8,113,194,213.6,193.2,204,965.5,977,953.5,960,141.7897,282.8545,42235.7305,415.0304
2021-09-27,113.4,115,112.8,113,194,213.6,193.2,204,965.5,977,953.5,960,141.7897,282.8545,42235.7305,415.0304
2021-09-27,113.4,115,112.8,113,194,213.6,193.2,204,965.5,977,953.5,960,141.7897,282.8545,42235.7305,415.0304
2021-09-27,113.4,115,112.8,113,194,213.6,193.2,204,965.5,977,953.5,960,141.7897,282.8545,42235.7305,415.0304
2021-09-27,113.4,115,112.8,113,194,213.6,193.2,204,965.5,977,953.5,960,141.7897,282.8545,42235.7305,415.0304
2021-09-27,113.4,115,112.8,113,194,213.6,193.2,204,965.5,977,953.5,960,141.7897,282.8545,42235.7305,415.0304
2021-09-28,113,114,112.8,113.6,202,204,193,195.2,978,978,955.5,977,138.4149,272.6142,41034.543,406.6667
2021-09-29,113.5,113.5,112,113.4,194,200,189,200,977,987,961,987,139.3123,273.0757,41564.3633,407.3512
2021-09-30,113.3,113.4,110.6,110.6,200,204,195,195,986,999,979.5,990,138.015,271.0756,43790.8945,402.3724
2021-10-01,111.6,112.7,111,112.3,195.4,199.9,195.4,199.5,988,997.5,970,975,139.1367,277.9795,48116.9414,407.1543
2021-10-04,112.5,113.1,112.1,113,198,198.7,194.1,195.4,975,990,972.5,990,135.7131,272.2198,49112.9023,401.9036
2021-10-05,112.6,112.9,112.2,112.5,195.2,195.2,191.2,195,977.5,1000,977.5,1000,137.6346,277.6526,51514.8125,406.0854
2021-10-06,112.7,115.6,112.6,114.5,195,197.5,192.2,192.2,997,1002,982,1000,138.5027,281.8352,55361.4492,407.7731
2021-10-07,116.9,117.6,115.3,116,192.3,196.9,185.6,185.6,987,997,975,980,139.7609,283.5083,53805.9844,411.2986
2021-10-08,117,123.3,116.3,121,188,191.7,182.1,182.1,980,998,965,966,139.3806,283.5083,53967.8477,410.5484
2021-10-11,122,129.9,122,127.2,186,188.3,185,185,968,1018,968,1005,139.2927,282.9122,57484.7891,407.5763
2021-10-12,126.9,129.4,126,127.2,185,186.6,177.1,178.6,986.5,1005,986.5,999,138.0247,281.6141,56041.0586,406.573
2021-10-13,127.2,131.5,126,130.3,179.1,181.9,171.7,174.5,1000,1015,968,975,137.4396,284.9121,57401.0977,408.0356
2021-10-14,130.3,131.9,127,128,175,178.9,168.5,169.1,992,1010,986,1000,140.2193,291.1044,57321.5234,414.899
2021-10-15,129.2,132,128.5,132,170.3,179.8,170.1,178.9,1000,1015,990,991,141.2727,292.5082,61593.9492,418.0588
2021-10-18,132.5,135,131.5,133,177,184.6,176.6,183.4,980,980,960,970,142.9406,295.4698,62026.0781,419.2965
2021-10-19,132.9,133.4,128.8,131.8,183,184.9,180,180,980,1009,977.5,1008,145.0962,296.3737,64261.9922,422.5313
2021-10-20,130,132.3,129.1,131,180.1,183,173.1,175,996,1025,996,1025,145.5839,295.5852,65992.8359,424.1908
2021-10-21,131,132,126.4,126.4,178.8,183,175.4,183,1025,1038,1015,1038,145.7985,298.8063,62210.1719,425.2973
2021-10-22,127.4,128.5,127,128,182.9,183,180.5,183,1032,1041,1020,1034,145.028,297.2679,60692.2656,424.8566
2021-10-25,128.7,130,128.4,129,183,188,183,183.4,1021,1030,1010,1021,144.9792,296.2775,63039.8242,427.1351
2021-10-26,129.2,130.7,129.1,130,184,189,183,189,1021,1028,1000,1028,145.6424,298.1813,60363.793,427.5194
2021-10-27,131,132.4,129.6,129.7,189,190,181,183,1024,1025,987.5,990,145.184,310.739,58482.3867,425.6255
2021-10-28,130,130,127,127,184.5,190.5,180.8,189,993,1007,980,992,148.8124,311.8735,60622.1367,429.7323
2021-10-29,127,128.7,124.1,124.1,185.8,187.9,180,180,993,993,961,965,146.1106,318.8639,62227.9648,430.6042
2021-11-02,125,127.9,124.8,125.2,184.6,184.8,177,177,976,1005,975,1005,146.3252,320.3158,63226.4023,433.089
2021-11-03,127,128.5,126,126.6,179.8,181.8,178,178,990,1005,990,998,147.759,321.1524,62970.0469,435.733
2021-11-04,128,128.5,126.4,126.4,179.9,180.1,177.5,178,1002,1002,976,990,147.242,323.4984,61452.2305,437.7865
2021-11-05,126.5,129.7,126.4,129,184.7,188.4,182,187.3,995,1001,980,998,147.7695,323.1331,61125.6758,439.3055
2021-11-08,129.5,133.2,129.3,133,196,200,189.1,190,998,998,973,974.5,146.949,324.0274,67566.8281,439.6805
2021-11-09,133,133.2,131,132,192,196,190.9,196,980,991,980,984,147.3104,323.0274,66971.8281,438.2271
2021-11-10,132,133.3,129.5,130,196,197.7,190.3,193.6,990,993,971,975,144.4874,318.0754,64995.2305,434.7017
2021-11-11,129.5,130.3,129.5,130,192.6,193,191.2,192,975,981,975,979,144.4386,319.6427,64949.9609,434.8423
2021-11-12,129.5,131,128.4,130,192.2,193,191.2,192,975,995,975,990,146.5094,323.7677,64155.9414,438.124
2021-11-15,129.9,129.9,127.4,127.4,191,191.8,190,190,989.5,996,975,990,146.5192,323.1428,63557.8711,438.274
2021-11-16,127.4,128,125.8,127.2,190,195.5,188.6,195,990,998,982.5,998,147.496,326.4504,60161.2461,440.0086
2021-11-17,127.5,130.3,127.3,129.7,195,195.9,191,194.8,990,991.5,975,975,149.9282,326.672,60368.0117,438.9397
2021-11-18,130,130.4,128,128,196,196,192.6,192.9,976.5,987.5,970.5,975,154.2065,328.743,56942.1367,440.4305
2021-11-19,127.8,127.8,125.1,125.6,192,192,187.1,189,987,987,971,975,156.8244,330.5155,58119.5781,439.643
2021-11-22,126.1,128.5,125.9,128,190,193,190,193,975,975.5,965,975,157.2835,327.3559,56289.2891,438.4053
2021-11-23,128,133.5,127.6,133.5,192.9,198,191.7,198,975,990,967,985,157.6644,325.2848,57569.0742,438.9866
2021-11-24,133,133,131,132.1,196,197,193,195.1,985,991,979,988,158.1821,325.5063,56280.4258,440.1587
2021-11-26,130.4,130.4,126.7,127,197,197.2,195,195.5,975,990,974.5,979.5,153.1712,317.5785,53569.7656,430.3417
2021-11-29,124.8,125.3,121.3,124,194,197.9,190.1,197.9,975,980,945,980,156.5216,324.2733,57806.5664,435.6205
2021-12-01,123,125,118,118,197.6,198,192.8,192.9,975,977.5,922.5,932,160.9464,317.9638,57229.8281,422.4001
2021-12-02,118.1,121.7,118.1,119.3,196.5,198.1,193.1,198.1,932,953,932,947.5,159.9599,317.3954,56477.8164,428.8697
2021-12-02,118.1,121.7,118.1,119.3,196.5,198.1,193.1,198.1,932,953,932,947.5,159.9599,317.3954,56477.8164,428.8697
2021-12-02,118.1,121.7,118.1,119.3,196.5,198.1,193.1,198.1,932,953,932,947.5,159.9599,317.3954,56477.8164,428.8697
2021-12-02,118.1,121.7,118.1,119.3,196.5,198.1,193.1,198.1,932,953,932,947.5,159.9599,317.3954,56477.8164,428.8697
2021-12-02,118.1,121.7,118.1,119.3,196.5,198.1,193.1,198.1,932,953,932,947.5,159.9599,317.3954,56477.8164,428.8697
2021-12-02,118.1,121.7,118.1,119.3,196.5,198.1,193.1,198.1,932,953,932,947.5,159.9599,317.3954,56477.8164,428.8697
2021-12-02,118.1,121.7,118.1,119.3,196.5,198.1,193.1,198.1,932,953,932,947.5,159.9599,317.3954,56477.8164,428.8697
2021-12-02,118.1,121.7,118.1,119.3,196.5,198.1,193.1,198.1,932,953,932,947.5,159.9599,317.3954,56477.8164,428.8697
2021-12-03,120,121.9,120,120,198.5,203.4,194,194,954,959.5,939,939,158.0844,311.1533,53598.2461,425.1378
2021-12-06,120,123,120,120,197,201.6,195.3,199.9,949,951,930.5,935,161.4837,314.2166,50582.625,430.1729
2021-12-07,121,122.7,119.7,120,199.6,199.9,195,197.9,940,959.5,935.5,959.5,167.2077,322.6261,50700.0859,439.071
2021-12-09,121,124.9,120.6,124.9,197,200,195.8,200,944,957,936,950,170.5093,320.873,47672.1211,437.2614
2021-12-10,124.2,124.6,122.5,123.5,200,200,196.1,197.4,950,955,937,940,175.2858,329.9664,47243.3047,441.3776
2021-12-13,121.2,124.5,121,124.5,197.4,198,195.5,195.5,940,950,940,944.5,171.6619,326.9417,46737.4805,437.4677
2021-12-13,121.2,124.5,121,124.5,197.4,198,195.5,195.5,940,950,940,944.5,171.6619,326.9417,46737.4805,437.4677
2021-12-13,121.2,124.5,121,124.5,197.4,198,195.5,195.5,940,950,940,944.5,171.6619,326.9417,46737.4805,437.4677
2021-12-13,121.2,124.5,121,124.5,197.4,198,195.5,195.5,940,950,940,944.5,171.6619,326.9417,46737.4805,437.4677
2021-12-13,121.2,124.5,121,124.5,197.4,198,195.5,195.5,940,950,940,944.5,171.6619,326.9417,46737.4805,437.4677
2021-12-13,121.2,124.5,121,124.5,197.4,198,195.5,195.5,940,950,940,944.5,171.6619,326.9417,46737.4805,437.4677
2021-12-13,121.2,124.5,121,124.5,197.4,198,195.5,195.5,940,950,940,944.5,171.6619,326.9417,46737.4805,437.4677
2021-12-13,121.2,124.5,121,124.5,197.4,198,195.5,195.5,940,950,940,944.5,171.6619,326.9417,46737.4805,437.4677
2021-12-14,123.9,127,123.4,127,197.9,197.9,191.3,195.5,959,977,941,968,170.2846,316.2877,46612.6328,434.4579
2021-12-15,127,129.4,125.3,127,196.8,197.4,192.5,193.6,970,981,950,950,175.1393,322.3661,48896.7227,441.2463
2021-12-15,127,129.4,125.3,127,196.8,197.4,192.5,193.6,970,981,950,950,175.1393,322.3661,48896.7227,441.2463
2021-12-15,127,129.4,125.3,127,196.8,197.4,192.5,193.6,970,981,950,950,175.1393,322.3661,48896.7227,441.2463
2021-12-15,127,129.4,125.3,127,196.8,197.4,192.5,193.6,970,981,950,950,175.1393,322.3661,48896.7227,441.2463
2021-12-15,127,129.4,125.3,127,196.8,197.4,192.5,193.6,970,981,950,950,175.1393,322.3661,48896.7227,441.2463
2021-12-15,127,129.4,125.3,127,196.8,197.4,192.5,193.6,970,981,950,950,175.1393,322.3661,48896.7227,441.2463
2021-12-15,127,129.4,125.3,127,196.8,197.4,192.5,193.6,970,981,950,950,175.1393,322.3661,48896.7227,441.2463
2021-12-15,127,129.4,125.3,127,196.8,197.4,192.5,193.6,970,981,950,950,175.1393,322.3661,48896.7227,441.2463
2021-12-15,127,129.4,125.3,127,196.8,197.4,192.5,193.6,970,981,950,950,175.1393,322.3661,48896.7227,441.2463
2021-12-15,127,129.4,125.3,127,196.8,197.4,192.5,193.6,970,981,950,950,175.1393,322.3661,48896.7227,441.2463
2021-12-15,127,129.4,125.3,127,196.8,197.4,192.5,193.6,970,981,950,950,175.1393,322.3661,48896.7227,441.2463
2021-12-15,127,129.4,125.3,127,196.8,197.4,192.5,193.6,970,981,950,950,175.1393,322.3661,48896.7227,441.2463
2021-12-15,127,129.4,125.3,127,196.8,197.4,192.5,193.6,970,981,950,950,175.1393,322.3661,48896.7227,441.2463
2021-12-15,127,129.4,125.3,127,196.8,197.4,192.5,193.6,970,981,950,950,175.1393,322.3661,48896.7227,441.2463
2021-12-15,127,129.4,125.3,127,196.8,197.4,192.5,193.6,970,981,950,950,175.1393,322.3661,48896.7227,441.2463
2021-12-15,127,129.4,125.3,127,196.8,197.4,192.5,193.6,970,981,950,950,175.1393,322.3661,48896.7227,441.2463
2021-12-15,127,129.4,125.3,127,196.8,197.4,192.5,193.6,970,981,950,950,175.1393,322.3661,48896.7227,441.2463
2021-12-15,127,129.4,125.3,127,196.8,197.4,192.5,193.6,970,981,950,950,175.1393,322.3661,48896.7227,441.2463
2021-12-15,127,129.4,125.3,127,196.8,197.4,192.5,193.6,970,981,950,950,175.1393,322.3661,48896.7227,441.2463
2021-12-15,127,129.4,125.3,127,196.8,197.4,192.5,193.6,970,981,950,950,175.1393,322.3661,48896.7227,441.2463
2021-12-15,127,129.4,125.3,127,196.8,197.4,192.5,193.6,970,981,950,950,175.1393,322.3661,48896.7227,441.2463
2021-12-15,127,129.4,125.3,127,196.8,197.4,192.5,193.6,970,981,950,950,175.1393,322.3661,48896.7227,441.2463
2021-12-15,127,129.4,125.3,127,196.8,197.4,192.5,193.6,970,981,950,950,175.1393,322.3661,48896.7227,441.2463
2021-12-15,127,129.4,125.3,127,196.8,197.4,192.5,193.6,970,981,950,950,175.1393,322.3661,48896.7227,441.2463
2021-12-15,127,129.4,125.3,127,196.8,197.4,192.5,193.6,970,981,950,950,175.1393,322.3661,48896.7227,441.2463
2021-12-15,127,129.4,125.3,127,196.8,197.4,192.5,193.6,970,981,950,950,175.1393,322.3661,48896.7227,441.2463
2021-12-15,127,129.4,125.3,127,196.8,197.4,192.5,193.6,970,981,950,950,175.1393,322.3661,48896.7227,441.2463
2021-12-16,126.9,127.5,125.5,126.5,193,196.7,193,196.7,970,979,952,979,168.2626,312.9739,47665.4258,437.3552
2021-12-17,123,125.8,122.8,125.3,194,197.9,194,197.9,969,999,956,999,167.1686,311.9142,46202.1445,432.7005
2021-12-20,124.5,127,123,127,194,197.9,193.5,193.5,970,983.5,964,980,165.8109,308.1671,46880.2773,428.0993
2021-12-21,126.2,127,123.6,123.6,193.5,196,192.1,193.2,976,987,965,971,168.9757,315.2762,48936.6133,435.702
2021-12-22,123.2,124,122,122.2,194,195,192.6,193.5,975,977.5,940,943,171.5642,320.9692,48628.5117,440.0585
2021-12-23,122.3,124.3,122.1,123.8,192.2,197.5,192.2,197.5,950,979,950,979,172.1894,322.4046,50784.5391,442.7965
2021-12-23,122.3,124.3,122.1,123.8,192.2,197.5,192.2,197.5,950,979,950,979,172.1894,322.4046,50784.5391,442.7965
2021-12-23,122.3,124.3,122.1,123.8,192.2,197.5,192.2,197.5,950,979,950,979,172.1894,322.4046,50784.5391,442.7965
2021-12-23,122.3,124.3,122.1,123.8,192.2,197.5,192.2,197.5,950,979,950,979,172.1894,322.4046,50784.5391,442.7965
2021-12-23,122.3,124.3,122.1,123.8,192.2,197.5,192.2,197.5,950,979,950,979,172.1894,322.4046,50784.5391,442.7965
2021-12-23,122.3,124.3,122.1,123.8,192.2,197.5,192.2,197.5,950,979,950,979,172.1894,322.4046,50784.5391,442.7965
2021-12-23,122.3,124.3,122.1,123.8,192.2,197.5,192.2,197.5,950,979,950,979,172.1894,322.4046,50784.5391,442.7965
2021-12-23,122.3,124.3,122.1,123.8,192.2,197.5,192.2,197.5,950,979,950,979,172.1894,322.4046,50784.5391,442.7965
2021-12-27,122.8,125.5,122.5,125.3,194,195.9,192.6,195,960,973,960,968.5,176.1454,329.8798,50640.418,449.063
2021-12-28,125.4,126.2,125,125,198,204.8,197.5,204,965.5,989,965.5,987,175.1295,328.7238,47588.8555,448.6961
2021-12-29,123.5,127.3,123.5,127,202,205,198.2,205,988,988,964,971,175.2174,329.398,46444.7109,449.2701
2021-12-31,125.3,126,120.7,120.7,200,200,194.2,200,971,971,940,943,173.4494,323.9748,46306.4453,446.8989
2022-01-03,121,122,119,120,205,205,195,195,950,950.5,932,932,177.7864,322.4623,46458.1172,449.4865
2022-01-05,120.5,123.5,120,123.5,195,198,192.5,198,948,957,923,929.5,170.8609,304.7667,43569.0039,440.7077
2022-01-06,120.7,123,120.1,123,194.1,197.7,192.6,193.5,929,947,920,947,168.0087,302.3584,43160.9297,440.2936
2022-01-07,122.9,123.5,120.7,123,193.5,195.9,192.6,194,944,944,932,937,168.1747,302.5126,41557.9023,438.5529
2022-01-10,121.3,125,121.3,125,193.8,199.8,193.4,199.5,932,960,931.5,940,168.1943,302.7341,41821.2617,438.0073
2022-01-11,125,125.8,122,122.5,195.1,197.9,194,194.1,940,948,926,930,171.0172,303.4181,42735.8555,441.9967
2022-01-12,124.8,126.8,124.5,126.8,194,197.4,193.8,195.7,952,952,934,950,171.4568,306.5872,43949.1016,443.1917
2022-01-13,127,130,126.8,129.7,196.1,203.4,196.1,203,941,963.5,941,950,168.1943,293.6117,42591.5703,437.0851
2022-01-14,129.2,129.7,127.7,129.5,197,200.8,196,198.5,951,958,940.5,947,169.0539,298.8135,43099.6992,437.264
2022-01-18,127.2,130,126.4,130,206,212,204.2,211.4,950,968,946,968,165.8597,291.5406,42375.6328,429.5201
2022-01-19,129.4,129.8,127.9,127.9,209,209,204.4,204.4,965,967.5,953,959,162.3726,292.1957,41744.3281,425.0602
2022-01-20,127.9,130,127.5,129.3,204.4,207.8,200.2,200.2,953.5,962,943,958,160.6925,290.5293,40680.418,420.3556
2022-01-21,128.1,129.5,127.6,129.5,200,202,196,199.9,956,959,945,959,158.6412,285.1637,36457.3164,412.1037
2022-01-24,129.4,129.4,127.4,127.4,196.6,201,195.8,201,958.5,958.5,942.5,950,157.8695,285.4911,36654.3281,413.8539
2022-01-25,128,128.2,127,127.2,200.4,203.4,199,202,952,954.5,947,950,156.0723,277.9004,36954.0039,408.8011
2022-01-26,127,127.3,124.4,124.6,204.2,206,200.2,204,950,950.5,938.5,950,155.9843,285.8187,36852.1211,407.7755
2022-01-27,124.6,127,124.5,127,202,206.4,202,204.6,950,955.5,942,951,155.5253,288.8338,37138.2344,405.762
2022-01-27,124.6,127,124.5,127,202,206.4,202,204.6,950,955.5,942,951,155.5253,288.8338,37138.2344,405.762
2022-01-27,124.6,127,124.5,127,202,206.4,202,204.6,950,955.5,942,951,155.5253,288.8338,37138.2344,405.762
2022-01-27,124.6,127,124.5,127,202,206.4,202,204.6,950,955.5,942,951,155.5253,288.8338,37138.2344,405.762
2022-01-27,124.6,127,124.5,127,202,206.4,202,204.6,950,955.5,942,951,155.5253,288.8338,37138.2344,405.762
2022-01-27,124.6,127,124.5,127,202,206.4,202,204.6,950,955.5,942,951,155.5253,288.8338,37138.2344,405.762
2022-01-27,124.6,127,124.5,127,202,206.4,202,204.6,950,955.5,942,951,155.5253,288.8338,37138.2344,405.762
2022-01-27,124.6,127,124.5,127,202,206.4,202,204.6,950,955.5,942,951,155.5253,288.8338,37138.2344,405.762
2022-01-27,124.6,127,124.5,127,202,206.4,202,204.6,950,955.5,942,951,155.5253,288.8338,37138.2344,405.762
2022-01-27,124.6,127,124.5,127,202,206.4,202,204.6,950,955.5,942,951,155.5253,288.8338,37138.2344,405.762
2022-01-27,124.6,127,124.5,127,202,206.4,202,204.6,950,955.5,942,951,155.5253,288.8338,37138.2344,405.762
2022-01-27,124.6,127,124.5,127,202,206.4,202,204.6,950,955.5,942,951,155.5253,288.8338,37138.2344,405.762
2022-01-27,124.6,127,124.5,127,202,206.4,202,204.6,950,955.5,942,951,155.5253,288.8338,37138.2344,405.762
2022-01-27,124.6,127,124.5,127,202,206.4,202,204.6,950,955.5,942,951,155.5253,288.8338,37138.2344,405.762
2022-01-27,124.6,127,124.5,127,202,206.4,202,204.6,950,955.5,942,951,155.5253,288.8338,37138.2344,405.762
2022-01-27,124.6,127,124.5,127,202,206.4,202,204.6,950,955.5,942,951,155.5253,288.8338,37138.2344,405.762
2022-01-27,124.6,127,124.5,127,202,206.4,202,204.6,950,955.5,942,951,155.5253,288.8338,37138.2344,405.762
2022-01-27,124.6,127,124.5,127,202,206.4,202,204.6,950,955.5,942,951,155.5253,288.8338,37138.2344,405.762
2022-01-27,124.6,127,124.5,127,202,206.4,202,204.6,950,955.5,942,951,155.5253,288.8338,37138.2344,405.762
2022-01-27,124.6,127,124.5,127,202,206.4,202,204.6,950,955.5,942,951,155.5253,288.8338,37138.2344,405.762
2022-01-27,124.6,127,124.5,127,202,206.4,202,204.6,950,955.5,942,951,155.5253,288.8338,37138.2344,405.762
2022-01-27,124.6,127,124.5,127,202,206.4,202,204.6,950,955.5,942,951,155.5253,288.8338,37138.2344,405.762
2022-01-27,124.6,127,124.5,127,202,206.4,202,204.6,950,955.5,942,951,155.5253,288.8338,37138.2344,405.762
2022-01-27,124.6,127,124.5,127,202,206.4,202,204.6,950,955.5,942,951,155.5253,288.8338,37138.2344,405.762
2022-01-27,124.6,127,124.5,127,202,206.4,202,204.6,950,955.5,942,951,155.5253,288.8338,37138.2344,405.762
2022-01-27,124.6,127,124.5,127,202,206.4,202,204.6,950,955.5,942,951,155.5253,288.8338,37138.2344,405.762
2022-01-27,124.6,127,124.5,127,202,206.4,202,204.6,950,955.5,942,951,155.5253,288.8338,37138.2344,405.762
2022-01-28,128,134,128,134,204.4,205.6,197.5,197.5,942.5,952,939,939,166.3774,296.9448,37784.332,415.8392
2022-01-31,134,136.8,133.1,135,198,202,198,200,942,953,940.5,949,170.7242,299.5649,38483.125,423.329
2022-01-31,134,136.8,133.1,135,198,202,198,200,942,953,940.5,949,170.7242,299.5649,38483.125,423.329
2022-01-31,134,136.8,133.1,135,198,202,198,200,942,953,940.5,949,170.7242,299.5649,38483.125,423.329
2022-01-31,134,136.8,133.1,135,198,202,198,200,942,953,940.5,949,170.7242,299.5649,38483.125,423.329
2022-01-31,134,136.8,133.1,135,198,202,198,200,942,953,940.5,949,170.7242,299.5649,38483.125,423.329
2022-01-31,134,136.8,133.1,135,198,202,198,200,942,953,940.5,949,170.7242,299.5649,38483.125,423.329
2022-01-31,134,136.8,133.1,135,198,202,198,200,942,953,940.5,949,170.7242,299.5649,38483.125,423.329
2022-01-31,134,136.8,133.1,135,198,202,198,200,942,953,940.5,949,170.7242,299.5649,38483.125,423.329
2022-02-02,136,140,135.8,139.7,201,204.2,200,200.2,949,995,949,965,171.7596,301.9538,36952.9844,430.3293
2022-02-02,136,140,135.8,139.7,201,204.2,200,200.2,949,995,949,965,171.7596,301.9538,36952.9844,430.3293
2022-02-02,136,140,135.8,139.7,201,204.2,200,200.2,949,995,949,965,171.7596,301.9538,36952.9844,430.3293
2022-02-02,136,140,135.8,139.7,201,204.2,200,200.2,949,995,949,965,171.7596,301.9538,36952.9844,430.3293
2022-02-02,136,140,135.8,139.7,201,204.2,200,200.2,949,995,949,965,171.7596,301.9538,36952.9844,430.3293
2022-02-02,136,140,135.8,139.7,201,204.2,200,200.2,949,995,949,965,171.7596,301.9538,36952.9844,430.3293
2022-02-02,136,140,135.8,139.7,201,204.2,200,200.2,949,995,949,965,171.7596,301.9538,36952.9844,430.3293
2022-02-02,136,140,135.8,139.7,201,204.2,200,200.2,949,995,949,965,171.7596,301.9538,36952.9844,430.3293
2022-02-03,139.6,139.8,137.2,139,200.4,203,199.6,203,965,965,949,949,168.8878,290.192,37154.6016,420.2144
2022-02-03,139.6,139.8,137.2,139,200.4,203,199.6,203,965,965,949,949,168.8878,290.192,37154.6016,420.2144
2022-02-03,139.6,139.8,137.2,139,200.4,203,199.6,203,965,965,949,949,168.8878,290.192,37154.6016,420.2144
2022-02-03,139.6,139.8,137.2,139,200.4,203,199.6,203,965,965,949,949,168.8878,290.192,37154.6016,420.2144
2022-02-03,139.6,139.8,137.2,139,200.4,203,199.6,203,965,965,949,949,168.8878,290.192,37154.6016,420.2144
2022-02-03,139.6,139.8,137.2,139,200.4,203,199.6,203,965,965,949,949,168.8878,290.192,37154.6016,420.2144
2022-02-03,139.6,139.8,137.2,139,200.4,203,199.6,203,965,965,949,949,168.8878,290.192,37154.6016,420.2144
2022-02-03,139.6,139.8,137.2,139,200.4,203,199.6,203,965,965,949,949,168.8878,290.192,37154.6016,420.2144
2022-02-04,139,139,135.1,136.5,205,220,202,202,956,976.5,951,976.5,168.6042,294.7099,41500.875,422.1905
2022-02-04,139,139,135.1,136.5,205,220,202,202,956,976.5,951,976.5,168.6042,294.7099,41500.875,422.1905
2022-02-04,139,139,135.1,136.5,205,220,202,202,956,976.5,951,976.5,168.6042,294.7099,41500.875,422.1905
2022-02-04,139,139,135.1,136.5,205,220,202,202,956,976.5,951,976.5,168.6042,294.7099,41500.875,422.1905
2022-02-04,139,139,135.1,136.5,205,220,202,202,956,976.5,951,976.5,168.6042,294.7099,41500.875,422.1905
2022-02-04,139,139,135.1,136.5,205,220,202,202,956,976.5,951,976.5,168.6042,294.7099,41500.875,422.1905
2022-02-04,139,139,135.1,136.5,205,220,202,202,956,976.5,951,976.5,168.6042,294.7099,41500.875,422.1905
2022-02-04,139,139,135.1,136.5,205,220,202,202,956,976.5,951,976.5,168.6042,294.7099,41500.875,422.1905
2022-02-07,136.5,138.4,135.8,136.3,208,209.8,203.4,204.4,974,976.5,946,950,167.8902,289.903,43840.2852,420.8354
2022-02-07,136.5,138.4,135.8,136.3,208,209.8,203.4,204.4,974,976.5,946,950,167.8902,289.903,43840.2852,420.8354
2022-02-07,136.5,138.4,135.8,136.3,208,209.8,203.4,204.4,974,976.5,946,950,167.8902,289.903,43840.2852,420.8354
2022-02-07,136.5,138.4,135.8,136.3,208,209.8,203.4,204.4,974,976.5,946,950,167.8902,289.903,43840.2852,420.8354
2022-02-07,136.5,138.4,135.8,136.3,208,209.8,203.4,204.4,974,976.5,946,950,167.8902,289.903,43840.2852,420.8354
2022-02-07,136.5,138.4,135.8,136.3,208,209.8,203.4,204.4,974,976.5,946,950,167.8902,289.903,43840.2852,420.8354
2022-02-07,136.5,138.4,135.8,136.3,208,209.8,203.4,204.4,974,976.5,946,950,167.8902,289.903,43840.2852,420.8354
2022-02-07,136.5,138.4,135.8,136.3,208,209.8,203.4,204.4,974,976.5,946,950,167.8902,289.903,43840.2852,420.8354
2022-02-08,135,136.9,135,135.5,209.6,218.8,205,216,950,978.5,948,976,170.9906,293.3805,44118.4453,424.298
2022-02-09,136.4,140.4,136.4,138,217.2,224,217.2,221,976,985,962.5,962.5,172.4088,299.7865,44338.7969,430.5081
2022-02-10,137.2,139,137.2,138,220,220,216.2,219,970,975,940,940,168.3401,291.2806,43565.1133,422.7738
2022-02-11,136.8,137.7,133.6,134.9,214.4,219,206,206,940.5,949,911,911,164.9365,284.21,42407.9375,414.4373
2022-02-14,134.9,138.5,134.6,138.3,207,211,205.8,208.6,935,940,921,940,165.1712,284.1714,42586.918,413.0823
2022-02-15,136.4,139.4,135.4,135.9,214,218.4,208.8,216,925,940,925,940,168.9954,289.4407,44575.2031,419.744
2022-02-16,136.5,137.9,135.5,136,212.4,218,212.4,217.8,930,942,930,937,168.7607,289.1028,43961.8594,420.2144
2022-02-17,136,136,134.1,135,220,220,215.4,215.6,937,947.5,925,927,165.1712,280.6373,40538.0117,411.2381
2022-02-18,135.4,135.4,133,134.5,214.2,217,210,217,925,932,921,921,163.626,277.9345,40030.9766,408.5753
2022-02-22,134.3,136.8,133.2,135,213.8,221.8,212,220,861.5,897.5,856.5,895,160.7114,277.7318,38286.0273,404.1907
2022-02-23,135,135,133.5,134.8,220,220,216,216,893,898.5,877,880,156.5548,270.5404,37296.5703,397.0208
2022-02-24,134.5,134.8,129.1,130.1,215.2,218,210,210,880,905,865,871,159.1661,284.3633,38332.6094,402.9956
2022-02-24,134.5,134.8,129.1,130.1,215.2,218,210,210,880,905,865,871,159.1661,284.3633,38332.6094,402.9956
2022-02-24,134.5,134.8,129.1,130.1,215.2,218,210,210,880,905,865,871,159.1661,284.3633,38332.6094,402.9956
2022-02-24,134.5,134.8,129.1,130.1,215.2,218,210,210,880,905,865,871,159.1661,284.3633,38332.6094,402.9956
2022-02-24,134.5,134.8,129.1,130.1,215.2,218,210,210,880,905,865,871,159.1661,284.3633,38332.6094,402.9956
2022-02-24,134.5,134.8,129.1,130.1,215.2,218,210,210,880,905,865,871,159.1661,284.3633,38332.6094,402.9956
2022-02-24,134.5,134.8,129.1,130.1,215.2,218,210,210,880,905,865,871,159.1661,284.3633,38332.6094,402.9956
2022-02-24,134.5,134.8,129.1,130.1,215.2,218,210,210,880,905,865,871,159.1661,284.3633,38332.6094,402.9956
2022-02-28,130.1,134.7,129.2,129.2,209,214,208.8,210.6,871.5,910,871.5,892,161.4938,288.4175,43193.2344,410.8335
2022-03-01,130.4,132.9,130.4,132.6,213,219,210.2,218,900,947,898,947,159.616,284.7108,44354.6367,404.5764
2022-03-02,131.1,131.8,130.1,131,217,220.8,213.2,218,937,955,922.5,930,162.9022,289.7689,43924.1172,412.0191
2022-03-03,131.2,131.3,130.2,131,219.8,228.8,218.2,228,932,957,925,957,162.5795,285.6471,42451.7891,409.9679
2022-03-04,130.4,131.5,129.5,130,225.2,236.6,225.2,226.2,950,951,930,932,159.5866,279.7974,39137.6055,406.637
2022-03-04,130.4,131.5,129.5,130,225.2,236.6,225.2,226.2,950,951,930,932,159.5866,279.7974,39137.6055,406.637
2022-03-04,130.4,131.5,129.5,130,225.2,236.6,225.2,226.2,950,951,930,932,159.5866,279.7974,39137.6055,406.637
2022-03-04,130.4,131.5,129.5,130,225.2,236.6,225.2,226.2,950,951,930,932,159.5866,279.7974,39137.6055,406.637
2022-03-04,130.4,131.5,129.5,130,225.2,236.6,225.2,226.2,950,951,930,932,159.5866,279.7974,39137.6055,406.637
2022-03-04,130.4,131.5,129.5,130,225.2,236.6,225.2,226.2,950,951,930,932,159.5866,279.7974,39137.6055,406.637
2022-03-04,130.4,131.5,129.5,130,225.2,236.6,225.2,226.2,950,951,930,932,159.5866,279.7974,39137.6055,406.637
2022-03-04,130.4,131.5,129.5,130,225.2,236.6,225.2,226.2,950,951,930,932,159.5866,279.7974,39137.6055,406.637
2022-03-07,129.4,130,124.1,130,226,229,221,229,930,931,904,929,155.8016,269.2276,38062.0391,394.6497
2022-03-08,127.6,130,124,124,221,225,216,219,902,938,890,890,153.9825,266.2738,38737.2695,391.6576
2022-03-09,123.1,127.9,122.7,125.4,220,227.8,219,225,890.5,919.5,871,871,159.3715,278.4846,41982.9258,402.1582
2022-03-10,127.1,128,126,126.9,225.6,234.8,220,233,889,908,880,908,155.0388,275.6758,39437.4609,400.3423
2022-03-11,126.6,127,126,127,228.2,232,224,226,885.5,912,885.5,909,151.332,270.3474,38794.9727,395.2519
2022-03-14,126.3,126.5,123.4,124.1,224.8,224.8,212,212,901,901,871,880,147.3122,266.8434,39666.7539,392.3633
2022-03-15,126,129.7,123,129.7,212,220,202,220,875,911,851.5,911,151.6841,277.1815,39338.7852,400.9915
2022-03-16,129.6,129.9,127.1,129.2,221,224,216.4,218,890,908.5,875,900,156.0853,284.1703,41143.9297,409.8832
2022-03-17,129.8,133.5,128,133,220,224.8,219,224.8,891,911,886,906,157.0927,284.9714,40951.3789,415.0111
2022-03-18,133,133,127.8,127.8,220,227.8,219.6,224.8,894,934,885,902.5,160.3788,290.0005,41801.1562,419.5567
2022-03-21,128.4,131.5,125.3,126.1,221.2,228.6,220.2,220.2,902.5,909.5,871.5,880,161.7481,288.7747,41077.9961,419.4341
2022-03-22,126,130.4,125,130.4,221,230,221,227.8,875,885,872,882,165.1126,293.5045,42358.8086,424.342
2022-03-23,129,130,128.2,130,226.6,227.2,220.4,220.4,878,891.5,861,867,166.472,289.0932,42892.957,418.8772
2022-03-24,130.3,130.3,128.2,130,223.6,223.6,220.6,222,866.5,885,861,885,170.2473,293.5432,43960.9336,425.1914
2022-03-25,129.9,132.5,128.1,132.5,221.2,224,220,224,880,897,877,897,170.883,293.1378,44348.7305,427.2679
2022-03-28,132,132.1,130,131.6,224,224,218,218,897,900,882,900,171.7437,299.9141,47128.0039,430.307
2022-03-29,132,132.1,130,132,217,217,211.4,216,881,900.5,881,896,175.0299,304.4605,47465.7305,435.6303
2022-03-30,132.5,133.3,131.7,133,214.4,222,214.4,222,885,902.5,884.5,898,173.866,302.9643,47062.6641,432.9404
2022-03-31,132.9,133.1,130.2,132.7,221.8,224.8,218,224.8,892,909,885.5,909,170.7754,297.607,45538.6758,426.2769
2022-04-01,130.7,132.5,129.9,132.5,224.8,226.6,221.2,226.6,891,901.5,886,898,170.482,298.6785,46281.6445,427.485
2022-04-04,132.5,132.5,130.7,131.2,222.2,225,222.2,224.8,895,899,886,890,174.5213,304.0358,46622.6758,431.1471
2022-04-05,130.8,133.4,130.1,133.4,224.8,226,222.2,226,887,889,865,889,171.2156,300.0878,45555.9922,425.7011
2022-04-06,132.1,133.4,131.6,133.4,225,225,222,222,876,888,870,882,168.0565,289.1028,43206.7383,421.4444
2022-04-07,133.4,133.4,130,130,222,225.6,218,218,878.5,887,865.5,870,168.3597,290.9079,43503.8477,423.568
2022-04-08,131.9,133.2,131,132.5,218,225,218,225,870,872,863.5,865,166.3547,286.6607,42287.6641,422.4355
2022-04-11,132,132,130.1,130.1,222.2,225,221.2,223,865,875,860,865,162.11,275.3572,39521.9023,415.2151
2022-04-11,132,132,130.1,130.1,222.2,225,221.2,223,865,875,860,865,162.11,275.3572,39521.9023,415.2151
2022-04-11,132,132,130.1,130.1,222.2,225,221.2,223,865,875,860,865,162.11,275.3572,39521.9023,415.2151
2022-04-11,132,132,130.1,130.1,222.2,225,221.2,223,865,875,860,865,162.11,275.3572,39521.9023,415.2151
2022-04-11,132,132,130.1,130.1,222.2,225,221.2,223,865,875,860,865,162.11,275.3572,39521.9023,415.2151
2022-04-11,132,132,130.1,130.1,222.2,225,221.2,223,865,875,860,865,162.11,275.3572,39521.9023,415.2151
2022-04-11,132,132,130.1,130.1,222.2,225,221.2,223,865,875,860,865,162.11,275.3572,39521.9023,415.2151
2022-04-11,132,132,130.1,130.1,222.2,225,221.2,223,865,875,860,865,162.11,275.3572,39521.9023,415.2151
2022-04-12,130.1,131,128.6,129,221.2,222.8,218.6,218.6,865,874,861,865,163.978,272.2682,40127.1836,413.6766
2022-04-12,130.1,131,128.6,129,221.2,222.8,218.6,218.6,865,874,861,865,163.978,272.2682,40127.1836,413.6766
2022-04-12,130.1,131,128.6,129,221.2,222.8,218.6,218.6,865,874,861,865,163.978,272.2682,40127.1836,413.6766
2022-04-12,130.1,131,128.6,129,221.2,222.8,218.6,218.6,865,874,861,865,163.978,272.2682,40127.1836,413.6766
2022-04-12,130.1,131,128.6,129,221.2,222.8,218.6,218.6,865,874,861,865,163.978,272.2682,40127.1836,413.6766
2022-04-12,130.1,131,128.6,129,221.2,222.8,218.6,218.6,865,874,861,865,163.978,272.2682,40127.1836,413.6766
2022-04-12,130.1,131,128.6,129,221.2,222.8,218.6,218.6,865,874,861,865,163.978,272.2682,40127.1836,413.6766
2022-04-12,130.1,131,128.6,129,221.2,222.8,218.6,218.6,865,874,861,865,163.978,272.2682,40127.1836,413.6766
2022-04-13,129,129.4,128.4,128.5,221,221,219,220.4,866,873,864,872.5,166.6579,277.6353,41166.7305,418.4147
2022-04-18,130.3,131.5,129,129.4,222.4,223.6,220,223.6,872.5,874,865,865,161.4449,270.7818,40826.2148,413.3745
2022-04-18,130.3,131.5,129,129.4,222.4,223.6,220,223.6,872.5,874,865,865,161.4449,270.7818,40826.2148,413.3745
2022-04-18,130.3,131.5,129,129.4,222.4,223.6,220,223.6,872.5,874,865,865,161.4449,270.7818,40826.2148,413.3745
2022-04-18,130.3,131.5,129,129.4,222.4,223.6,220,223.6,872.5,874,865,865,161.4449,270.7818,40826.2148,413.3745
2022-04-18,130.3,131.5,129,129.4,222.4,223.6,220,223.6,872.5,874,865,865,161.4449,270.7818,40826.2148,413.3745
2022-04-18,130.3,131.5,129,129.4,222.4,223.6,220,223.6,872.5,874,865,865,161.4449,270.7818,40826.2148,413.3745
2022-04-18,130.3,131.5,129,129.4,222.4,223.6,220,223.6,872.5,874,865,865,161.4449,270.7818,40826.2148,413.3745
2022-04-18,130.3,131.5,129,129.4,222.4,223.6,220,223.6,872.5,874,865,865,161.4449,270.7818,40826.2148,413.3745
2022-04-19,131.5,132.5,129.8,129.8,224,224.8,221,224.8,865,872,855.5,871.5,163.7238,275.3958,41502.75,420.0475
2022-04-20,130,132.5,130,132.5,225,231,223.4,231,895,895,865.5,877,163.5575,276.4189,41374.3789,419.736
2022-04-21,132.5,135.7,131,135,231,231,222.2,222.2,880,885,862,865,162.7653,271.0616,40527.3633,413.4595
2022-04-22,134.7,137.5,134.4,135,223,226.6,222,225,866,869,858,869,158.2369,264.517,39740.3203,402.1145
2022-04-25,134.5,134.8,131.1,133,222.4,226.2,220.8,226.2,860,885,855.5,885,159.303,270.9748,40458.3086,404.4458
2022-04-26,132,132.9,131,131,225.8,225.8,222,223,870,871.5,858.5,860,153.3565,260.8393,38117.4609,392.7327
2022-04-26,132,132.9,131,131,225.8,225.8,222,223,870,871.5,858.5,860,153.3565,260.8393,38117.4609,392.7327
2022-04-26,132,132.9,131,131,225.8,225.8,222,223,870,871.5,858.5,860,153.3565,260.8393,38117.4609,392.7327
2022-04-26,132,132.9,131,131,225.8,225.8,222,223,870,871.5,858.5,860,153.3565,260.8393,38117.4609,392.7327
2022-04-26,132,132.9,131,131,225.8,225.8,222,223,870,871.5,858.5,860,153.3565,260.8393,38117.4609,392.7327
2022-04-26,132,132.9,131,131,225.8,225.8,222,223,870,871.5,858.5,860,153.3565,260.8393,38117.4609,392.7327
2022-04-26,132,132.9,131,131,225.8,225.8,222,223,870,871.5,858.5,860,153.3565,260.8393,38117.4609,392.7327
2022-04-26,132,132.9,131,131,225.8,225.8,222,223,870,871.5,858.5,860,153.3565,260.8393,38117.4609,392.7327
2022-04-27,131.3,131.9,128.4,128.4,220.4,224.8,218,218.6,858.5,860,848,851,153.1316,273.388,39241.1211,393.8371
2022-04-28,128.5,132.8,126.9,132.6,218.6,222.8,214,220,851,860,848.5,860,160.0463,279.5755,39773.8281,403.7852
2022-04-28,128.5,132.8,126.9,132.6,218.6,222.8,214,220,851,860,848.5,860,160.0463,279.5755,39773.8281,403.7852
2022-04-28,128.5,132.8,126.9,132.6,218.6,222.8,214,220,851,860,848.5,860,160.0463,279.5755,39773.8281,403.7852
2022-04-28,128.5,132.8,126.9,132.6,218.6,222.8,214,220,851,860,848.5,860,160.0463,279.5755,39773.8281,403.7852
2022-04-28,128.5,132.8,126.9,132.6,218.6,222.8,214,220,851,860,848.5,860,160.0463,279.5755,39773.8281,403.7852
2022-04-28,128.5,132.8,126.9,132.6,218.6,222.8,214,220,851,860,848.5,860,160.0463,279.5755,39773.8281,403.7852
2022-04-28,128.5,132.8,126.9,132.6,218.6,222.8,214,220,851,860,848.5,860,160.0463,279.5755,39773.8281,403.7852
2022-04-28,128.5,132.8,126.9,132.6,218.6,222.8,214,220,851,860,848.5,860,160.0463,279.5755,39773.8281,403.7852
2022-04-29,132.6,132.6,130,130,220,223,212.2,215.6,858,860,824,851.5,154.1879,267.8859,38609.8242,388.8629
2022-05-02,130,130,127.3,128,215,223,210.2,215.6,850,851.5,840,849,154.4911,274.5946,38529.3281,391.2037
2022-05-04,128.2,128.8,125,127.8,216,216.8,202.4,215,849,849,825,849,162.3741,279.9133,39698.3711,404.9648
2022-05-05,128,129.5,128,129,215,215,210,211,851.5,870,840,861,153.3272,267.7218,36575.1406,390.5713
2022-05-05,128,129.5,128,129,215,215,210,211,851.5,870,840,861,153.3272,267.7218,36575.1406,390.5713
2022-05-05,128,129.5,128,129,215,215,210,211,851.5,870,840,861,153.3272,267.7218,36575.1406,390.5713
2022-05-05,128,129.5,128,129,215,215,210,211,851.5,870,840,861,153.3272,267.7218,36575.1406,390.5713
2022-05-05,128,129.5,128,129,215,215,210,211,851.5,870,840,861,153.3272,267.7218,36575.1406,390.5713
2022-05-05,128,129.5,128,129,215,215,210,211,851.5,870,840,861,153.3272,267.7218,36575.1406,390.5713
2022-05-05,128,129.5,128,129,215,215,210,211,851.5,870,840,861,153.3272,267.7218,36575.1406,390.5713
2022-05-05,128,129.5,128,129,215,215,210,211,851.5,870,840,861,153.3272,267.7218,36575.1406,390.5713
2022-05-06,128,129.3,127,128,213.2,221.8,211.2,220.2,840,848,832,845.5,154.052,265.1927,36040.9219,388.2401
2022-05-06,128,129.3,127,128,213.2,221.8,211.2,220.2,840,848,832,845.5,154.052,265.1927,36040.9219,388.2401
2022-05-06,128,129.3,127,128,213.2,221.8,211.2,220.2,840,848,832,845.5,154.052,265.1927,36040.9219,388.2401
2022-05-06,128,129.3,127,128,213.2,221.8,211.2,220.2,840,848,832,845.5,154.052,265.1927,36040.9219,388.2401
2022-05-06,128,129.3,127,128,213.2,221.8,211.2,220.2,840,848,832,845.5,154.052,265.1927,36040.9219,388.2401
2022-05-06,128,129.3,127,128,213.2,221.8,211.2,220.2,840,848,832,845.5,154.052,265.1927,36040.9219,388.2401
2022-05-06,128,129.3,127,128,213.2,221.8,211.2,220.2,840,848,832,845.5,154.052,265.1927,36040.9219,388.2401
2022-05-06,128,129.3,127,128,213.2,221.8,211.2,220.2,840,848,832,845.5,154.052,265.1927,36040.9219,388.2401
2022-05-10,126,130.4,125.1,129,206,220,203.2,219.8,836,855,810.5,845,151.3388,260.1443,31022.9062,376.6779
2022-05-11,127.5,131.7,126.5,129,216,218.8,215,218,845,853.5,811.5,825,143.4933,251.505,28936.3555,370.694
2022-05-11,127.5,131.7,126.5,129,216,218.8,215,218,845,853.5,811.5,825,143.4933,251.505,28936.3555,370.694
2022-05-11,127.5,131.7,126.5,129,216,218.8,215,218,845,853.5,811.5,825,143.4933,251.505,28936.3555,370.694
2022-05-11,127.5,131.7,126.5,129,216,218.8,215,218,845,853.5,811.5,825,143.4933,251.505,28936.3555,370.694
2022-05-11,127.5,131.7,126.5,129,216,218.8,215,218,845,853.5,811.5,825,143.4933,251.505,28936.3555,370.694
2022-05-11,127.5,131.7,126.5,129,216,218.8,215,218,845,853.5,811.5,825,143.4933,251.505,28936.3555,370.694
2022-05-11,127.5,131.7,126.5,129,216,218.8,215,218,845,853.5,811.5,825,143.4933,251.505,28936.3555,370.694
2022-05-11,127.5,131.7,126.5,129,216,218.8,215,218,845,853.5,811.5,825,143.4933,251.505,28936.3555,370.694
2022-05-12,129,131.9,126.7,126.7,216.4,217.8,212.2,214.8,824,839,820,828,139.6341,246.4855,29047.752,370.307
2022-05-12,129,131.9,126.7,126.7,216.4,217.8,212.2,214.8,824,839,820,828,139.6341,246.4855,29047.752,370.307
2022-05-12,129,131.9,126.7,126.7,216.4,217.8,212.2,214.8,824,839,820,828,139.6341,246.4855,29047.752,370.307
2022-05-12,129,131.9,126.7,126.7,216.4,217.8,212.2,214.8,824,839,820,828,139.6341,246.4855,29047.752,370.307
2022-05-12,129,131.9,126.7,126.7,216.4,217.8,212.2,214.8,824,839,820,828,139.6341,246.4855,29047.752,370.307
2022-05-12,129,131.9,126.7,126.7,216.4,217.8,212.2,214.8,824,839,820,828,139.6341,246.4855,29047.752,370.307
2022-05-12,129,131.9,126.7,126.7,216.4,217.8,212.2,214.8,824,839,820,828,139.6341,246.4855,29047.752,370.307
2022-05-12,129,131.9,126.7,126.7,216.4,217.8,212.2,214.8,824,839,820,828,139.6341,246.4855,29047.752,370.307
2022-05-13,126.9,128.7,125.2,125.2,210,210.8,206,206,830,838,789,789,144.0907,252.0552,29283.1035,379.1602
2022-05-16,125.6,127.1,125.6,126,209,210.2,206,207.6,801,816.5,791.5,808,142.5529,252.422,29862.918,377.6218
2022-05-17,125.5,127.4,125.3,126.5,207.6,210,202.4,203,808,832,800.5,832,146.177,257.5574,30425.8574,385.3896
2022-05-18,126.1,128.2,125.6,127,204.4,217.8,204.4,217.8,832,870,820,870,137.9298,245.8308,28720.2715,369.8539
2022-05-19,126.9,132.1,125.6,131.8,213.2,217.8,208.6,211.4,849,849,815.5,839,134.5311,244.9213,30314.334,367.5887
2022-05-20,131.8,132.7,128.9,128.9,212,213.2,209.4,210.2,848,855,835,845,134.7661,244.3602,29200.7402,367.7492
2022-05-23,129,130,126.8,126.8,211,211.8,206,210,848,860,842,848,140.1729,252.1875,29098.9102,374.6299
2022-05-24,127.9,128.4,123.5,123.5,209.2,213.8,207,213.8,848.5,848.5,830,830,137.4793,251.1909,29655.5859,371.7701
2022-05-25,123,124.8,123,123.9,211,213.8,210.6,211.6,830,839,830,833,137.636,253.9968,29562.3613,375.0545
2022-05-26,123,123.9,122.5,123.2,210,220,209,220,847,847,822,835,140.8291,257.2671,29267.2246,382.5486
2022-05-26,123,123.9,122.5,123.2,210,220,209,220,847,847,822,835,140.8291,257.2671,29267.2246,382.5486
2022-05-26,123,123.9,122.5,123.2,210,220,209,220,847,847,822,835,140.8291,257.2671,29267.2246,382.5486
2022-05-26,123,123.9,122.5,123.2,210,220,209,220,847,847,822,835,140.8291,257.2671,29267.2246,382.5486
2022-05-26,123,123.9,122.5,123.2,210,220,209,220,847,847,822,835,140.8291,257.2671,29267.2246,382.5486
2022-05-26,123,123.9,122.5,123.2,210,220,209,220,847,847,822,835,140.8291,257.2671,29267.2246,382.5486
2022-05-26,123,123.9,122.5,123.2,210,220,209,220,847,847,822,835,140.8291,257.2671,29267.2246,382.5486
2022-05-26,123,123.9,122.5,123.2,210,220,209,220,847,847,822,835,140.8291,257.2671,29267.2246,382.5486
2022-05-27,124,127.3,123.5,127.3,219,223.8,215,222.8,837,839.5,834.5,838.5,146.5688,264.3687,28627.5742,391.9399
2022-05-27,124,127.3,123.5,127.3,219,223.8,215,222.8,837,839.5,834.5,838.5,146.5688,264.3687,28627.5742,391.9399
2022-05-27,124,127.3,123.5,127.3,219,223.8,215,222.8,837,839.5,834.5,838.5,146.5688,264.3687,28627.5742,391.9399
2022-05-27,124,127.3,123.5,127.3,219,223.8,215,222.8,837,839.5,834.5,838.5,146.5688,264.3687,28627.5742,391.9399
2022-05-27,124,127.3,123.5,127.3,219,223.8,215,222.8,837,839.5,834.5,838.5,146.5688,264.3687,28627.5742,391.9399
2022-05-27,124,127.3,123.5,127.3,219,223.8,215,222.8,837,839.5,834.5,838.5,146.5688,264.3687,28627.5742,391.9399
2022-05-27,124,127.3,123.5,127.3,219,223.8,215,222.8,837,839.5,834.5,838.5,146.5688,264.3687,28627.5742,391.9399
2022-05-27,124,127.3,123.5,127.3,219,223.8,215,222.8,837,839.5,834.5,838.5,146.5688,264.3687,28627.5742,391.9399
2022-05-31,130,133.4,127.7,133.4,218.6,219.8,215,217,862,867,845.5,858,145.7852,263.0432,31792.3105,389.7407
2022-05-31,130,133.4,127.7,133.4,218.6,219.8,215,217,862,867,845.5,858,145.7852,263.0432,31792.3105,389.7407
2022-05-31,130,133.4,127.7,133.4,218.6,219.8,215,217,862,867,845.5,858,145.7852,263.0432,31792.3105,389.7407
2022-05-31,130,133.4,127.7,133.4,218.6,219.8,215,217,862,867,845.5,858,145.7852,263.0432,31792.3105,389.7407
2022-05-31,130,133.4,127.7,133.4,218.6,219.8,215,217,862,867,845.5,858,145.7852,263.0432,31792.3105,389.7407
2022-05-31,130,133.4,127.7,133.4,218.6,219.8,215,217,862,867,845.5,858,145.7852,263.0432,31792.3105,389.7407
2022-05-31,130,133.4,127.7,133.4,218.6,219.8,215,217,862,867,845.5,858,145.7852,263.0432,31792.3105,389.7407
2022-05-31,130,133.4,127.7,133.4,218.6,219.8,215,217,862,867,845.5,858,145.7852,263.0432,31792.3105,389.7407
2022-06-01,132,132.9,128.4,131.9,217,218,210.2,210.2,858,858,850,850,145.6579,263.5754,29799.0801,386.5883
2022-06-01,132,132.9,128.4,131.9,217,218,210.2,210.2,858,858,850,850,145.6579,263.5754,29799.0801,386.5883
2022-06-01,132,132.9,128.4,131.9,217,218,210.2,210.2,858,858,850,850,145.6579,263.5754,29799.0801,386.5883
2022-06-01,132,132.9,128.4,131.9,217,218,210.2,210.2,858,858,850,850,145.6579,263.5754,29799.0801,386.5883
2022-06-01,132,132.9,128.4,131.9,217,218,210.2,210.2,858,858,850,850,145.6579,263.5754,29799.0801,386.5883
2022-06-01,132,132.9,128.4,131.9,217,218,210.2,210.2,858,858,850,850,145.6579,263.5754,29799.0801,386.5883
2022-06-01,132,132.9,128.4,131.9,217,218,210.2,210.2,858,858,850,850,145.6579,263.5754,29799.0801,386.5883
2022-06-01,132,132.9,128.4,131.9,217,218,210.2,210.2,858,858,850,850,145.6579,263.5754,29799.0801,386.5883
2022-06-02,131.9,131.9,127.9,128.1,214.4,215.8,211,215.8,857,857,840,856,148.1066,265.6653,30467.4883,393.9503
2022-06-03,128.1,129.5,127.7,128.5,213.4,215.4,212,215,850,865,845.5,865,142.3962,261.2533,29704.3906,387.4849
2022-06-06,128.4,129.8,127.5,129,215,216.2,211.2,215.4,860,864.5,855,861,143.1406,260.0246,31370.6719,388.6648
2022-06-06,128.4,129.8,127.5,129,215,216.2,211.2,215.4,860,864.5,855,861,143.1406,260.0246,31370.6719,388.6648
2022-06-06,128.4,129.8,127.5,129,215,216.2,211.2,215.4,860,864.5,855,861,143.1406,260.0246,31370.6719,388.6648
2022-06-06,128.4,129.8,127.5,129,215,216.2,211.2,215.4,860,864.5,855,861,143.1406,260.0246,31370.6719,388.6648
2022-06-06,128.4,129.8,127.5,129,215,216.2,211.2,215.4,860,864.5,855,861,143.1406,260.0246,31370.6719,388.6648
2022-06-06,128.4,129.8,127.5,129,215,216.2,211.2,215.4,860,864.5,855,861,143.1406,260.0246,31370.6719,388.6648
2022-06-06,128.4,129.8,127.5,129,215,216.2,211.2,215.4,860,864.5,855,861,143.1406,260.0246,31370.6719,388.6648
2022-06-06,128.4,129.8,127.5,129,215,216.2,211.2,215.4,860,864.5,855,861,143.1406,260.0246,31370.6719,388.6648
2022-06-06,128.4,129.8,127.5,129,215,216.2,211.2,215.4,860,864.5,855,861,143.1406,260.0246,31370.6719,388.6648
2022-06-06,128.4,129.8,127.5,129,215,216.2,211.2,215.4,860,864.5,855,861,143.1406,260.0246,31370.6719,388.6648
2022-06-06,128.4,129.8,127.5,129,215,216.2,211.2,215.4,860,864.5,855,861,143.1406,260.0246,31370.6719,388.6648
2022-06-06,128.4,129.8,127.5,129,215,216.2,211.2,215.4,860,864.5,855,861,143.1406,260.0246,31370.6719,388.6648
2022-06-06,128.4,129.8,127.5,129,215,216.2,211.2,215.4,860,864.5,855,861,143.1406,260.0246,31370.6719,388.6648
2022-06-06,128.4,129.8,127.5,129,215,216.2,211.2,215.4,860,864.5,855,861,143.1406,260.0246,31370.6719,388.6648
2022-06-06,128.4,129.8,127.5,129,215,216.2,211.2,215.4,860,864.5,855,861,143.1406,260.0246,31370.6719,388.6648
2022-06-06,128.4,129.8,127.5,129,215,216.2,211.2,215.4,860,864.5,855,861,143.1406,260.0246,31370.6719,388.6648
2022-06-06,128.4,129.8,127.5,129,215,216.2,211.2,215.4,860,864.5,855,861,143.1406,260.0246,31370.6719,388.6648
2022-06-06,128.4,129.8,127.5,129,215,216.2,211.2,215.4,860,864.5,855,861,143.1406,260.0246,31370.6719,388.6648
2022-06-06,128.4,129.8,127.5,129,215,216.2,211.2,215.4,860,864.5,855,861,143.1406,260.0246,31370.6719,388.6648
2022-06-06,128.4,129.8,127.5,129,215,216.2,211.2,215.4,860,864.5,855,861,143.1406,260.0246,31370.6719,388.6648
2022-06-06,128.4,129.8,127.5,129,215,216.2,211.2,215.4,860,864.5,855,861,143.1406,260.0246,31370.6719,388.6648
2022-06-06,128.4,129.8,127.5,129,215,216.2,211.2,215.4,860,864.5,855,861,143.1406,260.0246,31370.6719,388.6648
2022-06-06,128.4,129.8,127.5,129,215,216.2,211.2,215.4,860,864.5,855,861,143.1406,260.0246,31370.6719,388.6648
2022-06-06,128.4,129.8,127.5,129,215,216.2,211.2,215.4,860,864.5,855,861,143.1406,260.0246,31370.6719,388.6648
2022-06-06,128.4,129.8,127.5,129,215,216.2,211.2,215.4,860,864.5,855,861,143.1406,260.0246,31370.6719,388.6648
2022-06-06,128.4,129.8,127.5,129,215,216.2,211.2,215.4,860,864.5,855,861,143.1406,260.0246,31370.6719,388.6648
2022-06-06,128.4,129.8,127.5,129,215,216.2,211.2,215.4,860,864.5,855,861,143.1406,260.0246,31370.6719,388.6648
2022-06-07,129,129.9,127.9,128.3,212.8,214.6,211.2,214,861,864,852,864,145.6579,263.6528,31155.4785,392.3929
2022-06-08,128.1,130.4,128.1,129,213,214,211,211,863,864,852,852,144.9233,261.6306,30214.3555,388.1268
2022-06-08,128.1,130.4,128.1,129,213,214,211,211,863,864,852,852,144.9233,261.6306,30214.3555,388.1268
2022-06-08,128.1,130.4,128.1,129,213,214,211,211,863,864,852,852,144.9233,261.6306,30214.3555,388.1268
2022-06-08,128.1,130.4,128.1,129,213,214,211,211,863,864,852,852,144.9233,261.6306,30214.3555,388.1268
2022-06-08,128.1,130.4,128.1,129,213,214,211,211,863,864,852,852,144.9233,261.6306,30214.3555,388.1268
2022-06-08,128.1,130.4,128.1,129,213,214,211,211,863,864,852,852,144.9233,261.6306,30214.3555,388.1268
2022-06-08,128.1,130.4,128.1,129,213,214,211,211,863,864,852,852,144.9233,261.6306,30214.3555,388.1268
2022-06-08,128.1,130.4,128.1,129,213,214,211,211,863,864,852,852,144.9233,261.6306,30214.3555,388.1268
2022-06-09,128.5,129.8,128.4,129.8,211,211.2,200.8,203,860,862,844.5,862,139.7124,256.1931,30111.998,378.896
2022-06-10,128,128.9,126,126,201.6,205,196,202,861,861,820,820,134.3156,244.7762,29083.8047,367.9096
2022-06-13,125.6,126.6,123.5,124.7,200,202.4,196.5,200,818.5,827,805,806,129.1733,234.3946,22487.3887,353.9407
2022-06-14,123.8,126,123.6,124.4,196,196.2,192.2,195,807,830,796,830,130.0353,236.5522,22206.793,352.8743
2022-06-14,123.8,126,123.6,124.4,196,196.2,192.2,195,807,830,796,830,130.0353,236.5522,22206.793,352.8743
2022-06-14,123.8,126,123.6,124.4,196,196.2,192.2,195,807,830,796,830,130.0353,236.5522,22206.793,352.8743
2022-06-14,123.8,126,123.6,124.4,196,196.2,192.2,195,807,830,796,830,130.0353,236.5522,22206.793,352.8743
2022-06-14,123.8,126,123.6,124.4,196,196.2,192.2,195,807,830,796,830,130.0353,236.5522,22206.793,352.8743
2022-06-14,123.8,126,123.6,124.4,196,196.2,192.2,195,807,830,796,830,130.0353,236.5522,22206.793,352.8743
2022-06-14,123.8,126,123.6,124.4,196,196.2,192.2,195,807,830,796,830,130.0353,236.5522,22206.793,352.8743
2022-06-14,123.8,126,123.6,124.4,196,196.2,192.2,195,807,830,796,830,130.0353,236.5522,22206.793,352.8743
2022-06-15,124,126,121.3,121.3,193.8,194.5,188.3,190,810,816.5,795,795,132.6505,243.5862,22572.8398,357.9049
2022-06-16,123,124.9,122.3,123.8,190,190,178.5,186.4,808,824,789,809.5,127.3907,237.0166,20381.6504,346.0597
2022-06-17,121.8,122.8,121,121,181.3,194.9,180.1,194.9,807.5,807.5,785,785,128.8599,239.6096,20471.4824,346.8057
2022-06-21,122.5,123.9,122,123,200,202.4,195.1,195.1,790,796.5,772,774,133.0814,245.5019,20710.5977,355.536
2022-06-22,123,123.2,120,120,195.5,197.5,186.7,186.7,779,786,763,763,132.5721,244.9117,19987.0293,354.8915
2022-06-23,120.1,121.6,116.1,116.5,186.7,191.3,177.1,180,766,773,738,769.5,135.4322,250.4556,21085.877,358.3703
2022-06-24,116.7,118.7,116.5,117.8,180.1,185.9,180.1,185,794,804,780.5,801.5,138.7526,259.0087,21231.6562,369.7644
2022-06-27,119.3,119.9,118.1,118.1,184.5,189,184.5,188,810,810,790,799.5,138.7526,256.2899,20735.4785,368.352
2022-06-28,118,118.1,114.2,116.5,187.5,198.8,186.6,195,802,829,801,829,134.6192,248.1529,20280.6348,360.8255
2022-06-29,116.6,117.4,114.3,114.3,196.9,203.2,195,195.9,829,829,803,820,136.3725,251.8102,20104.0234,360.5317
2022-06-30,115,115.8,110.5,110.5,199.8,199.8,184,184,810,820,778,782,133.914,248.4915,19784.7266,357.6025
2022-07-01,111,114.8,111,112.1,187,194,184.5,191,780,786,769,770,136.0786,251.1523,19269.3672,361.3848
2022-07-05,115.5,118.7,115.5,118.7,185,187.8,185,186,801,801,783,792,138.6546,254.3161,20190.1152,362.0673
2022-07-06,118.9,119.6,117.5,119.5,187.9,194.3,186.9,194.3,799.5,839,793,839,139.9867,257.567,20548.2461,363.2901
2022-07-06,118.9,119.6,117.5,119.5,187.9,194.3,186.9,194.3,799.5,839,793,839,139.9867,257.567,20548.2461,363.2901
2022-07-06,118.9,119.6,117.5,119.5,187.9,194.3,186.9,194.3,799.5,839,793,839,139.9867,257.567,20548.2461,363.2901
2022-07-06,118.9,119.6,117.5,119.5,187.9,194.3,186.9,194.3,799.5,839,793,839,139.9867,257.567,20548.2461,363.2901
2022-07-06,118.9,119.6,117.5,119.5,187.9,194.3,186.9,194.3,799.5,839,793,839,139.9867,257.567,20548.2461,363.2901
2022-07-06,118.9,119.6,117.5,119.5,187.9,194.3,186.9,194.3,799.5,839,793,839,139.9867,257.567,20548.2461,363.2901
2022-07-06,118.9,119.6,117.5,119.5,187.9,194.3,186.9,194.3,799.5,839,793,839,139.9867,257.567,20548.2461,363.2901
2022-07-06,118.9,119.6,117.5,119.5,187.9,194.3,186.9,194.3,799.5,839,793,839,139.9867,257.567,20548.2461,363.2901
2022-07-06,118.9,119.6,117.5,119.5,187.9,194.3,186.9,194.3,799.5,839,793,839,139.9867,257.567,20548.2461,363.2901
2022-07-06,118.9,119.6,117.5,119.5,187.9,194.3,186.9,194.3,799.5,839,793,839,139.9867,257.567,20548.2461,363.2901
2022-07-06,118.9,119.6,117.5,119.5,187.9,194.3,186.9,194.3,799.5,839,793,839,139.9867,257.567,20548.2461,363.2901
2022-07-06,118.9,119.6,117.5,119.5,187.9,194.3,186.9,194.3,799.5,839,793,839,139.9867,257.567,20548.2461,363.2901
2022-07-06,118.9,119.6,117.5,119.5,187.9,194.3,186.9,194.3,799.5,839,793,839,139.9867,257.567,20548.2461,363.2901
2022-07-06,118.9,119.6,117.5,119.5,187.9,194.3,186.9,194.3,799.5,839,793,839,139.9867,257.567,20548.2461,363.2901
2022-07-06,118.9,119.6,117.5,119.5,187.9,194.3,186.9,194.3,799.5,839,793,839,139.9867,257.567,20548.2461,363.2901
2022-07-06,118.9,119.6,117.5,119.5,187.9,194.3,186.9,194.3,799.5,839,793,839,139.9867,257.567,20548.2461,363.2901
2022-07-06,118.9,119.6,117.5,119.5,187.9,194.3,186.9,194.3,799.5,839,793,839,139.9867,257.567,20548.2461,363.2901
2022-07-06,118.9,119.6,117.5,119.5,187.9,194.3,186.9,194.3,799.5,839,793,839,139.9867,257.567,20548.2461,363.2901
2022-07-06,118.9,119.6,117.5,119.5,187.9,194.3,186.9,194.3,799.5,839,793,839,139.9867,257.567,20548.2461,363.2901
2022-07-06,118.9,119.6,117.5,119.5,187.9,194.3,186.9,194.3,799.5,839,793,839,139.9867,257.567,20548.2461,363.2901
2022-07-06,118.9,119.6,117.5,119.5,187.9,194.3,186.9,194.3,799.5,839,793,839,139.9867,257.567,20548.2461,363.2901
2022-07-06,118.9,119.6,117.5,119.5,187.9,194.3,186.9,194.3,799.5,839,793,839,139.9867,257.567,20548.2461,363.2901
2022-07-06,118.9,119.6,117.5,119.5,187.9,194.3,186.9,194.3,799.5,839,793,839,139.9867,257.567,20548.2461,363.2901
2022-07-06,118.9,119.6,117.5,119.5,187.9,194.3,186.9,194.3,799.5,839,793,839,139.9867,257.567,20548.2461,363.2901
2022-07-06,118.9,119.6,117.5,119.5,187.9,194.3,186.9,194.3,799.5,839,793,839,139.9867,257.567,20548.2461,363.2901
2022-07-06,118.9,119.6,117.5,119.5,187.9,194.3,186.9,194.3,799.5,839,793,839,139.9867,257.567,20548.2461,363.2901
2022-07-06,118.9,119.6,117.5,119.5,187.9,194.3,186.9,194.3,799.5,839,793,839,139.9867,257.567,20548.2461,363.2901
2022-07-07,119,121.8,116.3,116.3,193,193,186.2,186.2,817,846,817,844,143.3463,259.6859,21637.5879,368.7311
2022-07-07,119,121.8,116.3,116.3,193,193,186.2,186.2,817,846,817,844,143.3463,259.6859,21637.5879,368.7311
2022-07-07,119,121.8,116.3,116.3,193,193,186.2,186.2,817,846,817,844,143.3463,259.6859,21637.5879,368.7311
2022-07-07,119,121.8,116.3,116.3,193,193,186.2,186.2,817,846,817,844,143.3463,259.6859,21637.5879,368.7311
2022-07-07,119,121.8,116.3,116.3,193,193,186.2,186.2,817,846,817,844,143.3463,259.6859,21637.5879,368.7311
2022-07-07,119,121.8,116.3,116.3,193,193,186.2,186.2,817,846,817,844,143.3463,259.6859,21637.5879,368.7311
2022-07-07,119,121.8,116.3,116.3,193,193,186.2,186.2,817,846,817,844,143.3463,259.6859,21637.5879,368.7311
2022-07-07,119,121.8,116.3,116.3,193,193,186.2,186.2,817,846,817,844,143.3463,259.6859,21637.5879,368.7311
2022-07-08,118.2,122,118,118.8,187,193,185,185,844,859.5,823.5,839,144.0222,258.9699,21731.1172,368.4279
2022-07-11,120,121,118.1,119.8,186.5,189.6,185.2,189.4,839,858,826,838,141.8967,255.9222,19970.5566,364.219
2022-07-11,120,121,118.1,119.8,186.5,189.6,185.2,189.4,839,858,826,838,141.8967,255.9222,19970.5566,364.219
2022-07-11,120,121,118.1,119.8,186.5,189.6,185.2,189.4,839,858,826,838,141.8967,255.9222,19970.5566,364.219
2022-07-11,120,121,118.1,119.8,186.5,189.6,185.2,189.4,839,858,826,838,141.8967,255.9222,19970.5566,364.219
2022-07-11,120,121,118.1,119.8,186.5,189.6,185.2,189.4,839,858,826,838,141.8967,255.9222,19970.5566,364.219
2022-07-11,120,121,118.1,119.8,186.5,189.6,185.2,189.4,839,858,826,838,141.8967,255.9222,19970.5566,364.219
2022-07-11,120,121,118.1,119.8,186.5,189.6,185.2,189.4,839,858,826,838,141.8967,255.9222,19970.5566,364.219
2022-07-11,120,121,118.1,119.8,186.5,189.6,185.2,189.4,839,858,826,838,141.8967,255.9222,19970.5566,364.219
2022-07-12,119.5,122,119.5,122,189,189,184,184,825,837,810.5,813,142.8664,245.4341,19323.9141,360.9961
2022-07-12,119.5,122,119.5,122,189,189,184,184,825,837,810.5,813,142.8664,245.4341,19323.9141,360.9961
2022-07-12,119.5,122,119.5,122,189,189,184,184,825,837,810.5,813,142.8664,245.4341,19323.9141,360.9961
2022-07-12,119.5,122,119.5,122,189,189,184,184,825,837,810.5,813,142.8664,245.4341,19323.9141,360.9961
2022-07-12,119.5,122,119.5,122,189,189,184,184,825,837,810.5,813,142.8664,245.4341,19323.9141,360.9961
2022-07-12,119.5,122,119.5,122,189,189,184,184,825,837,810.5,813,142.8664,245.4341,19323.9141,360.9961
2022-07-12,119.5,122,119.5,122,189,189,184,184,825,837,810.5,813,142.8664,245.4341,19323.9141,360.9961
2022-07-12,119.5,122,119.5,122,189,189,184,184,825,837,810.5,813,142.8664,245.4341,19323.9141,360.9961
2022-07-13,121.9,121.9,119.1,119.9,185,185.1,180.6,182.8,815,816.5,791,797,142.504,244.515,20212.0742,359.1003
2022-07-14,120.1,123,119.2,123,183,186.5,179.3,186.5,797,797,771.5,775.5,145.4229,245.8308,20569.9199,358.2283
2022-07-14,120.1,123,119.2,123,183,186.5,179.3,186.5,797,797,771.5,775.5,145.4229,245.8308,20569.9199,358.2283
2022-07-14,120.1,123,119.2,123,183,186.5,179.3,186.5,797,797,771.5,775.5,145.4229,245.8308,20569.9199,358.2283
2022-07-14,120.1,123,119.2,123,183,186.5,179.3,186.5,797,797,771.5,775.5,145.4229,245.8308,20569.9199,358.2283
2022-07-14,120.1,123,119.2,123,183,186.5,179.3,186.5,797,797,771.5,775.5,145.4229,245.8308,20569.9199,358.2283
2022-07-14,120.1,123,119.2,123,183,186.5,179.3,186.5,797,797,771.5,775.5,145.4229,245.8308,20569.9199,358.2283
2022-07-14,120.1,123,119.2,123,183,186.5,179.3,186.5,797,797,771.5,775.5,145.4229,245.8308,20569.9199,358.2283
2022-07-14,120.1,123,119.2,123,183,186.5,179.3,186.5,797,797,771.5,775.5,145.4229,245.8308,20569.9199,358.2283
2022-07-15,122.5,122.7,119.5,120.7,181,184,174.1,179.4,775.5,780,758,775,147.0879,248.3851,20836.3281,365.0722
2022-07-18,118.9,121,118.3,121,179.9,179.9,173.3,178,762,781,762,781,144.0516,245.9953,22485.6895,362.0578
2022-07-19,118.7,120.8,117.5,117.5,179.3,186.5,178.1,186,792,796,782.5,796,147.9009,251.1038,23389.4336,371.8403
2022-07-20,118.2,119.6,117.3,118,185.9,188.7,181,182,797,804,786,788,149.899,253.7549,23231.7324,374.2101
2022-07-21,118,121,117.5,121,181.6,186,179.7,181,800,807.5,772,774,152.1617,256.2415,23164.6289,378.0207
2022-07-22,119.5,121.5,119.2,121.2,181,182.9,180,182.7,775,793,774,788,150.9275,251.9069,22714.9785,374.5134
2022-07-25,117.5,119,115.2,115.6,182.6,182.6,180.1,180.5,788.5,793,775,789,149.8109,250.4266,21361.7012,374.9684
2022-07-26,116.5,117.1,113.6,114,180.6,185.9,180.6,184.2,792,792,781,790,148.4886,243.7215,21239.7539,370.5321
2022-07-27,115,117.1,114.5,117,181,189.6,181,185,790,790,771,780,153.572,260.0149,22930.5488,380.1535
2022-07-28,117.5,119.4,117.4,119.4,185,189.7,184.2,189.7,786,801,786,800,154.1206,267.4358,23843.8867,384.9216
2022-07-29,119.3,120.4,118.2,119.5,185.6,194.2,185.6,194.2,802,804,771,775.5,159.1747,271.6252,23804.6328,390.5332
2022-08-01,118.5,119,113.8,113.8,188.6,190.1,180.2,183.9,779,788,763,780,158.1952,268.9839,23314.1992,389.3768
2022-08-02,114.2,114.5,110.2,112.6,184,189,183,188,778,780,764,769,156.726,265.8975,22978.1172,386.808
2022-08-02,114.2,114.5,110.2,112.6,184,189,183,188,778,780,764,769,156.726,265.8975,22978.1172,386.808
2022-08-02,114.2,114.5,110.2,112.6,184,189,183,188,778,780,764,769,156.726,265.8975,22978.1172,386.808
2022-08-02,114.2,114.5,110.2,112.6,184,189,183,188,778,780,764,769,156.726,265.8975,22978.1172,386.808
2022-08-02,114.2,114.5,110.2,112.6,184,189,183,188,778,780,764,769,156.726,265.8975,22978.1172,386.808
2022-08-02,114.2,114.5,110.2,112.6,184,189,183,188,778,780,764,769,156.726,265.8975,22978.1172,386.808
2022-08-02,114.2,114.5,110.2,112.6,184,189,183,188,778,780,764,769,156.726,265.8975,22978.1172,386.808
2022-08-02,114.2,114.5,110.2,112.6,184,189,183,188,778,780,764,769,156.726,265.8975,22978.1172,386.808
2022-08-03,113.9,117.3,113.2,117.3,188.5,189.8,184.7,185,772,798,765,795,162.7204,273.2991,22846.5078,392.8651
2022-08-04,117,118.7,116.5,118.7,186,188,184.8,187.9,790.5,803,785,792,162.4069,274.4408,22630.957,392.5997
2022-08-04,117,118.7,116.5,118.7,186,188,184.8,187.9,790.5,803,785,792,162.4069,274.4408,22630.957,392.5997
2022-08-04,117,118.7,116.5,118.7,186,188,184.8,187.9,790.5,803,785,792,162.4069,274.4408,22630.957,392.5997
2022-08-04,117,118.7,116.5,118.7,186,188,184.8,187.9,790.5,803,785,792,162.4069,274.4408,22630.957,392.5997
2022-08-04,117,118.7,116.5,118.7,186,188,184.8,187.9,790.5,803,785,792,162.4069,274.4408,22630.957,392.5997
2022-08-04,117,118.7,116.5,118.7,186,188,184.8,187.9,790.5,803,785,792,162.4069,274.4408,22630.957,392.5997
2022-08-04,117,118.7,116.5,118.7,186,188,184.8,187.9,790.5,803,785,792,162.4069,274.4408,22630.957,392.5997
2022-08-04,117,118.7,116.5,118.7,186,188,184.8,187.9,790.5,803,785,792,162.4069,274.4408,22630.957,392.5997
2022-08-05,118,119.6,115.6,116.9,188.1,188.1,184.6,184.6,792,798,770.5,780,162.1813,273.7248,23289.3145,391.9362
2022-08-08,116.9,118.8,116.6,117.9,185,186.8,183.2,184,789,789,767,778,161.7105,271.2189,23809.4863,391.4812
2022-08-09,117.9,118,115,115,181.4,184,180,181,780,807.5,780,805,161.7596,273.1346,23164.3184,389.9266
2022-08-10,115,115.4,112.3,112.8,181.1,181.6,175.7,178,805,813,793,809,165.9968,279.7719,23947.6426,398.1166
2022-08-11,114,117.2,113.1,115.9,179.5,184.5,179.5,184,819,845,811,845,165.2612,277.7014,23957.5293,398.1166
2022-08-12,116.9,119.4,115.9,118.3,183,187,182.9,185.4,844.5,847.5,834.5,843,168.802,282.4326,24402.8184,404.8564
2022-08-15,119,120.3,118.4,120,185.4,185.9,182.1,184.6,845,861.5,843,860,169.8711,283.942,24136.9727,406.5247
2022-08-16,120,125.4,119.1,125.4,184,188.6,183.4,188,860,883.5,855,880,169.7142,283.2066,23883.291,407.3209
2022-08-17,125.1,128.5,124.7,128.2,188.6,190.7,185,186,880,887.5,855.5,882,171.205,282.4601,23335.998,404.4297
2022-08-17,125.1,128.5,124.7,128.2,188.6,190.7,185,186,880,887.5,855.5,882,171.205,282.4601,23335.998,404.4297
2022-08-17,125.1,128.5,124.7,128.2,188.6,190.7,185,186,880,887.5,855.5,882,171.205,282.4601,23335.998,404.4297
2022-08-17,125.1,128.5,124.7,128.2,188.6,190.7,185,186,880,887.5,855.5,882,171.205,282.4601,23335.998,404.4297
2022-08-17,125.1,128.5,124.7,128.2,188.6,190.7,185,186,880,887.5,855.5,882,171.205,282.4601,23335.998,404.4297
2022-08-17,125.1,128.5,124.7,128.2,188.6,190.7,185,186,880,887.5,855.5,882,171.205,282.4601,23335.998,404.4297
2022-08-17,125.1,128.5,124.7,128.2,188.6,190.7,185,186,880,887.5,855.5,882,171.205,282.4601,23335.998,404.4297
2022-08-17,125.1,128.5,124.7,128.2,188.6,190.7,185,186,880,887.5,855.5,882,171.205,282.4601,23335.998,404.4297
2022-08-18,125.4,127.7,124.5,127.6,186.9,187.8,185.3,186,861,883,861,880,170.8127,281.345,23212.7383,405.6052
2022-08-19,127.5,129.3,127,129.3,187,188.4,185.6,187,880,887,875,883,168.2331,277.4473,20877.5527,400.1547
2022-08-22,128.8,128.8,126,126.5,186.1,186.2,184.5,184.8,880,883,850,850,164.3588,269.3027,21398.9082,391.8224
2022-08-23,125.6,125.8,124.5,125,184.8,186.6,182.2,184.2,849,859.5,832.5,842,164.0253,268.0326,21528.0879,390.8745
2022-08-24,124.5,128,124.5,127,185.4,185.7,182.1,185,840,860,840,851,164.3196,267.4024,21395.0195,392.1257
2022-08-25,127,129.1,126.6,128.8,184,189.5,183.2,188,859.5,880,854.5,880,166.7717,270.3693,21600.9043,397.6616
2022-08-25,127,129.1,126.6,128.8,184,189.5,183.2,188,859.5,880,854.5,880,166.7717,270.3693,21600.9043,397.6616
2022-08-25,127,129.1,126.6,128.8,184,189.5,183.2,188,859.5,880,854.5,880,166.7717,270.3693,21600.9043,397.6616
2022-08-25,127,129.1,126.6,128.8,184,189.5,183.2,188,859.5,880,854.5,880,166.7717,270.3693,21600.9043,397.6616
2022-08-25,127,129.1,126.6,128.8,184,189.5,183.2,188,859.5,880,854.5,880,166.7717,270.3693,21600.9043,397.6616
2022-08-25,127,129.1,126.6,128.8,184,189.5,183.2,188,859.5,880,854.5,880,166.7717,270.3693,21600.9043,397.6616
2022-08-25,127,129.1,126.6,128.8,184,189.5,183.2,188,859.5,880,854.5,880,166.7717,270.3693,21600.9043,397.6616
2022-08-25,127,129.1,126.6,128.8,184,189.5,183.2,188,859.5,880,854.5,880,166.7717,270.3693,21600.9043,397.6616
2022-08-26,128.6,131.5,128.1,131.5,189,189.5,186,186.5,870,885,865,879,160.4845,259.9366,20260.0195,384.2011
2022-08-26,128.6,131.5,128.1,131.5,189,189.5,186,186.5,870,885,865,879,160.4845,259.9366,20260.0195,384.2011
2022-08-26,128.6,131.5,128.1,131.5,189,189.5,186,186.5,870,885,865,879,160.4845,259.9366,20260.0195,384.2011
2022-08-26,128.6,131.5,128.1,131.5,189,189.5,186,186.5,870,885,865,879,160.4845,259.9366,20260.0195,384.2011
2022-08-26,128.6,131.5,128.1,131.5,189,189.5,186,186.5,870,885,865,879,160.4845,259.9366,20260.0195,384.2011
2022-08-26,128.6,131.5,128.1,131.5,189,189.5,186,186.5,870,885,865,879,160.4845,259.9366,20260.0195,384.2011
2022-08-26,128.6,131.5,128.1,131.5,189,189.5,186,186.5,870,885,865,879,160.4845,259.9366,20260.0195,384.2011
2022-08-26,128.6,131.5,128.1,131.5,189,189.5,186,186.5,870,885,865,879,160.4845,259.9366,20260.0195,384.2011
2022-08-30,129,131.4,128.2,131.4,185,185.7,182,184,858,878.5,850,875.5,155.8647,254.9722,19796.8086,377.4709
2022-08-31,129.6,130.6,128.4,128.8,184.1,185,180.2,181.2,875,875,831,831,154.2072,253.5179,20049.7637,374.5987
2022-09-01,128.8,130.5,127,130.5,182.2,184.6,182,182.9,843.5,847.5,836.5,840,154.933,252.4804,20127.1406,375.7742
2022-09-02,129,130,127.3,127.8,183.1,185,182.1,183,840.5,873.5,840.5,860,152.8241,248.2724,19969.7715,371.8118
2022-09-02,129,130,127.3,127.8,183.1,185,182.1,183,840.5,873.5,840.5,860,152.8241,248.2724,19969.7715,371.8118
2022-09-02,129,130,127.3,127.8,183.1,185,182.1,183,840.5,873.5,840.5,860,152.8241,248.2724,19969.7715,371.8118
2022-09-02,129,130,127.3,127.8,183.1,185,182.1,183,840.5,873.5,840.5,860,152.8241,248.2724,19969.7715,371.8118
2022-09-02,129,130,127.3,127.8,183.1,185,182.1,183,840.5,873.5,840.5,860,152.8241,248.2724,19969.7715,371.8118
2022-09-02,129,130,127.3,127.8,183.1,185,182.1,183,840.5,873.5,840.5,860,152.8241,248.2724,19969.7715,371.8118
2022-09-02,129,130,127.3,127.8,183.1,185,182.1,183,840.5,873.5,840.5,860,152.8241,248.2724,19969.7715,371.8118
2022-09-02,129,130,127.3,127.8,183.1,185,182.1,183,840.5,873.5,840.5,860,152.8241,248.2724,19969.7715,371.8118
2022-09-02,129,130,127.3,127.8,183.1,185,182.1,183,840.5,873.5,840.5,860,152.8241,248.2724,19969.7715,371.8118
2022-09-02,129,130,127.3,127.8,183.1,185,182.1,183,840.5,873.5,840.5,860,152.8241,248.2724,19969.7715,371.8118
2022-09-02,129,130,127.3,127.8,183.1,185,182.1,183,840.5,873.5,840.5,860,152.8241,248.2724,19969.7715,371.8118
2022-09-02,129,130,127.3,127.8,183.1,185,182.1,183,840.5,873.5,840.5,860,152.8241,248.2724,19969.7715,371.8118
2022-09-02,129,130,127.3,127.8,183.1,185,182.1,183,840.5,873.5,840.5,860,152.8241,248.2724,19969.7715,371.8118
2022-09-02,129,130,127.3,127.8,183.1,185,182.1,183,840.5,873.5,840.5,860,152.8241,248.2724,19969.7715,371.8118
2022-09-02,129,130,127.3,127.8,183.1,185,182.1,183,840.5,873.5,840.5,860,152.8241,248.2724,19969.7715,371.8118
2022-09-02,129,130,127.3,127.8,183.1,185,182.1,183,840.5,873.5,840.5,860,152.8241,248.2724,19969.7715,371.8118
2022-09-02,129,130,127.3,127.8,183.1,185,182.1,183,840.5,873.5,840.5,860,152.8241,248.2724,19969.7715,371.8118
2022-09-02,129,130,127.3,127.8,183.1,185,182.1,183,840.5,873.5,840.5,860,152.8241,248.2724,19969.7715,371.8118
2022-09-02,129,130,127.3,127.8,183.1,185,182.1,183,840.5,873.5,840.5,860,152.8241,248.2724,19969.7715,371.8118
2022-09-02,129,130,127.3,127.8,183.1,185,182.1,183,840.5,873.5,840.5,860,152.8241,248.2724,19969.7715,371.8118
2022-09-02,129,130,127.3,127.8,183.1,185,182.1,183,840.5,873.5,840.5,860,152.8241,248.2724,19969.7715,371.8118
2022-09-02,129,130,127.3,127.8,183.1,185,182.1,183,840.5,873.5,840.5,860,152.8241,248.2724,19969.7715,371.8118
2022-09-02,129,130,127.3,127.8,183.1,185,182.1,183,840.5,873.5,840.5,860,152.8241,248.2724,19969.7715,371.8118
2022-09-02,129,130,127.3,127.8,183.1,185,182.1,183,840.5,873.5,840.5,860,152.8241,248.2724,19969.7715,371.8118
2022-09-02,129,130,127.3,127.8,183.1,185,182.1,183,840.5,873.5,840.5,860,152.8241,248.2724,19969.7715,371.8118
2022-09-02,129,130,127.3,127.8,183.1,185,182.1,183,840.5,873.5,840.5,860,152.8241,248.2724,19969.7715,371.8118
2022-09-02,129,130,127.3,127.8,183.1,185,182.1,183,840.5,873.5,840.5,860,152.8241,248.2724,19969.7715,371.8118
2022-09-06,129.7,129.7,127.6,128,183.6,183.9,181,182,870,881,859,877,151.5687,245.5479,18837.668,370.409
2022-09-07,127.5,128,124.1,124.2,183.9,185,181.4,181.6,877,877,837,841,152.9713,250.2407,19290.3242,377.0633
2022-09-08,125.1,126,124.1,125,181.5,183.9,181,182.1,842,851.5,840,840,151.5001,250.6575,19329.834,379.5279
2022-09-09,124.5,126.3,124.5,126,182,185,182,184.3,850,875,844,865,154.3542,256.417,21381.1523,385.424
2022-09-12,126.2,128.3,125.5,128,184.3,190,182.3,190,865,891,862.5,885,160.2981,258.5403,22370.4492,389.5664
2022-09-13,127.4,129.9,127.4,129.9,188,189.9,186,187.2,881,893.5,878,884.5,150.8919,244.3262,20296.707,372.6271
2022-09-14,128.5,128.5,125.1,125.1,184,186,182.1,185.7,867,878,854,859.5,152.3337,244.5492,20241.0898,374.049
2022-09-15,125,126.8,122.5,122.5,185,186.5,184,185,862,877.5,850,850,149.4501,237.9172,19701.2109,369.8023
2022-09-16,123.3,124,120.4,120.4,188.8,190,182,182,855,871,844.5,871,147.8121,237.2967,19772.584,366.981
2022-09-19,120.5,121.2,118.9,120.5,182,184.7,181.9,182,866,870,835,835,151.5197,237.0834,19544.1289,369.827
2022-09-20,121,124.2,121,123.1,184.5,184.7,182,183.8,850,854,828,828,153.8933,235.0763,18890.7891,365.582
2022-09-21,123.1,123.6,120.5,120.5,184,184,180.2,181,828.5,834,800.5,818.5,150.7742,231.6828,18547.4004,359.2048
2022-09-22,120.5,122.8,119,122.8,180.1,182,179.3,181,800,819.5,786,819.5,149.813,233.651,19413.5508,356.1876
2022-09-22,120.5,122.8,119,122.8,180.1,182,179.3,181,800,819.5,786,819.5,149.813,233.651,19413.5508,356.1876
2022-09-22,120.5,122.8,119,122.8,180.1,182,179.3,181,800,819.5,786,819.5,149.813,233.651,19413.5508,356.1876
2022-09-22,120.5,122.8,119,122.8,180.1,182,179.3,181,800,819.5,786,819.5,149.813,233.651,19413.5508,356.1876
2022-09-22,120.5,122.8,119,122.8,180.1,182,179.3,181,800,819.5,786,819.5,149.813,233.651,19413.5508,356.1876
2022-09-22,120.5,122.8,119,122.8,180.1,182,179.3,181,800,819.5,786,819.5,149.813,233.651,19413.5508,356.1876
2022-09-22,120.5,122.8,119,122.8,180.1,182,179.3,181,800,819.5,786,819.5,149.813,233.651,19413.5508,356.1876
2022-09-22,120.5,122.8,119,122.8,180.1,182,179.3,181,800,819.5,786,819.5,149.813,233.651,19413.5508,356.1876
2022-09-23,122,122,119.8,119.8,179.5,182.5,178.2,181.9,820,820,800,808,147.5472,230.6841,19297.6387,350.2197
2022-09-27,119,119.5,114.2,115,182.1,182.5,176,181,784,784,747.5,763,148.8518,229.22,19110.5469,345.8699
2022-09-28,116,116,111.2,111.2,181,183.4,178.6,181.5,770,774,725,733,146.9685,233.7383,19426.7207,352.6753
2022-09-29,113,114.8,112.4,114.1,182.8,182.9,173.6,174.3,751,764.5,741.5,760,139.7496,230.2769,19573.0508,345.3083
2022-09-30,112.8,113,111.1,111.5,171.1,171.7,156.6,156.6,750,762.5,725,725,135.5516,225.8168,19431.7891,339.9687
2022-10-03,112,112.9,110.2,111.4,156.7,164.9,152.8,162.8,722,760,720,760,139.7202,233.4183,19623.5801,348.9442
2022-10-04,113,113.7,111.5,113,164.6,167.9,163,165,760,794,750,794,143.3002,241.3108,20336.8438,359.7568
2022-10-05,115.1,115.9,113.6,115.9,169,172.7,166.2,171.1,799.5,800,760.5,785,143.5945,241.621,20160.7168,358.9193
2022-10-06,115.6,115.9,114.3,114.4,171.2,176.8,171.2,176,785,789.5,760,760,142.6431,239.2843,19955.4434,355.2167
2022-10-07,114.4,114.4,111.7,112.4,175.9,178.6,172.2,177.6,758,765,745,760,137.4054,227.1161,19546.8496,345.3083
2022-10-10,112,112.7,110,111.1,173.7,178.6,171.5,177.5,749,764.5,741.5,760,137.7291,222.2778,19141.4844,342.6718
2022-10-11,112.6,116.6,111,114.8,177.7,179.7,173.2,178,761,770,751,759,136.3167,218.5546,19051.418,340.5017
2022-10-12,115.2,117.3,115,116,175,177.6,170.6,175,759,770,759,764,135.689,218.8843,19157.4453,339.3784
2022-10-13,117,118.2,116.2,118,176.9,179,172.6,178,768,788.5,755.5,788.5,140.2498,227.1161,19382.9043,348.3351
2022-10-14,120,121,119.4,120,177,177.1,169.8,169.8,788.5,788.5,762,762,135.7282,221.6088,19185.6562,340.397
2022-10-17,121,122.7,118,118,169.8,172.5,169.8,172,765,799,750,799,139.681,230.306,19550.7578,349.1441
2022-10-17,121,122.7,118,118,169.8,172.5,169.8,172,765,799,750,799,139.681,230.306,19550.7578,349.1441
2022-10-17,121,122.7,118,118,169.8,172.5,169.8,172,765,799,750,799,139.681,230.306,19550.7578,349.1441
2022-10-17,121,122.7,118,118,169.8,172.5,169.8,172,765,799,750,799,139.681,230.306,19550.7578,349.1441
2022-10-17,121,122.7,118,118,169.8,172.5,169.8,172,765,799,750,799,139.681,230.306,19550.7578,349.1441
2022-10-17,121,122.7,118,118,169.8,172.5,169.8,172,765,799,750,799,139.681,230.306,19550.7578,349.1441
2022-10-17,121,122.7,118,118,169.8,172.5,169.8,172,765,799,750,799,139.681,230.306,19550.7578,349.1441
2022-10-17,121,122.7,118,118,169.8,172.5,169.8,172,765,799,750,799,139.681,230.306,19550.7578,349.1441
2022-10-18,119.8,123,118,123,172.5,176.8,172,176.6,799,799,780.5,786,140.9952,231.2464,19334.416,353.2464
2022-10-18,119.8,123,118,123,172.5,176.8,172,176.6,799,799,780.5,786,140.9952,231.2464,19334.416,353.2464
2022-10-18,119.8,123,118,123,172.5,176.8,172,176.6,799,799,780.5,786,140.9952,231.2464,19334.416,353.2464
2022-10-18,119.8,123,118,123,172.5,176.8,172,176.6,799,799,780.5,786,140.9952,231.2464,19334.416,353.2464
2022-10-18,119.8,123,118,123,172.5,176.8,172,176.6,799,799,780.5,786,140.9952,231.2464,19334.416,353.2464
2022-10-18,119.8,123,118,123,172.5,176.8,172,176.6,799,799,780.5,786,140.9952,231.2464,19334.416,353.2464
2022-10-18,119.8,123,118,123,172.5,176.8,172,176.6,799,799,780.5,786,140.9952,231.2464,19334.416,353.2464
2022-10-18,119.8,123,118,123,172.5,176.8,172,176.6,799,799,780.5,786,140.9952,231.2464,19334.416,353.2464
2022-10-19,123.8,123.8,120.5,123,177,178,172,173.4,790,799,780,799,141.1032,229.2879,19139.5352,350.7431
2022-10-19,123.8,123.8,120.5,123,177,178,172,173.4,790,799,780,799,141.1032,229.2879,19139.5352,350.7431
2022-10-19,123.8,123.8,120.5,123,177,178,172,173.4,790,799,780,799,141.1032,229.2879,19139.5352,350.7431
2022-10-19,123.8,123.8,120.5,123,177,178,172,173.4,790,799,780,799,141.1032,229.2879,19139.5352,350.7431
2022-10-19,123.8,123.8,120.5,123,177,178,172,173.4,790,799,780,799,141.1032,229.2879,19139.5352,350.7431
2022-10-19,123.8,123.8,120.5,123,177,178,172,173.4,790,799,780,799,141.1032,229.2879,19139.5352,350.7431
2022-10-19,123.8,123.8,120.5,123,177,178,172,173.4,790,799,780,799,141.1032,229.2879,19139.5352,350.7431
2022-10-19,123.8,123.8,120.5,123,177,178,172,173.4,790,799,780,799,141.1032,229.2879,19139.5352,350.7431
2022-10-20,122,122.8,119.6,122.5,172.1,175,172.1,175,795,817.5,770.5,777,140.6421,228.9679,19053.7402,347.8021
2022-10-21,120.9,122,118.6,118.6,176.4,176.4,172,172,781.5,789,770,770,144.4479,234.7564,19172.4688,356.2542
2022-10-25,121,122.6,120.1,122.2,174,174,172.7,173.6,773,773,773,773,149.4207,243.0367,20095.8574,366.3719
2022-10-25,121,122.6,120.1,122.2,174,174,172.7,173.6,773,773,773,773,149.4207,243.0367,20095.8574,366.3719
2022-10-25,121,122.6,120.1,122.2,174,174,172.7,173.6,773,773,773,773,149.4207,243.0367,20095.8574,366.3719
2022-10-25,121,122.6,120.1,122.2,174,174,172.7,173.6,773,773,773,773,149.4207,243.0367,20095.8574,366.3719
2022-10-25,121,122.6,120.1,122.2,174,174,172.7,173.6,773,773,773,773,149.4207,243.0367,20095.8574,366.3719
2022-10-25,121,122.6,120.1,122.2,174,174,172.7,173.6,773,773,773,773,149.4207,243.0367,20095.8574,366.3719
2022-10-25,121,122.6,120.1,122.2,174,174,172.7,173.6,773,773,773,773,149.4207,243.0367,20095.8574,366.3719
2022-10-25,121,122.6,120.1,122.2,174,174,172.7,173.6,773,773,773,773,149.4207,243.0367,20095.8574,366.3719
2022-10-25,121,122.6,120.1,122.2,174,174,172.7,173.6,773,773,773,773,149.4207,243.0367,20095.8574,366.3719
2022-10-25,121,122.6,120.1,122.2,174,174,172.7,173.6,773,773,773,773,149.4207,243.0367,20095.8574,366.3719
2022-10-25,121,122.6,120.1,122.2,174,174,172.7,173.6,773,773,773,773,149.4207,243.0367,20095.8574,366.3719
2022-10-25,121,122.6,120.1,122.2,174,174,172.7,173.6,773,773,773,773,149.4207,243.0367,20095.8574,366.3719
2022-10-25,121,122.6,120.1,122.2,174,174,172.7,173.6,773,773,773,773,149.4207,243.0367,20095.8574,366.3719
2022-10-25,121,122.6,120.1,122.2,174,174,172.7,173.6,773,773,773,773,149.4207,243.0367,20095.8574,366.3719
2022-10-25,121,122.6,120.1,122.2,174,174,172.7,173.6,773,773,773,773,149.4207,243.0367,20095.8574,366.3719
2022-10-25,121,122.6,120.1,122.2,174,174,172.7,173.6,773,773,773,773,149.4207,243.0367,20095.8574,366.3719
2022-10-25,121,122.6,120.1,122.2,174,174,172.7,173.6,773,773,773,773,149.4207,243.0367,20095.8574,366.3719
2022-10-25,121,122.6,120.1,122.2,174,174,172.7,173.6,773,773,773,773,149.4207,243.0367,20095.8574,366.3719
2022-10-25,121,122.6,120.1,122.2,174,174,172.7,173.6,773,773,773,773,149.4207,243.0367,20095.8574,366.3719
2022-10-25,121,122.6,120.1,122.2,174,174,172.7,173.6,773,773,773,773,149.4207,243.0367,20095.8574,366.3719
2022-10-25,121,122.6,120.1,122.2,174,174,172.7,173.6,773,773,773,773,149.4207,243.0367,20095.8574,366.3719
2022-10-25,121,122.6,120.1,122.2,174,174,172.7,173.6,773,773,773,773,149.4207,243.0367,20095.8574,366.3719
2022-10-25,121,122.6,120.1,122.2,174,174,172.7,173.6,773,773,773,773,149.4207,243.0367,20095.8574,366.3719
2022-10-25,121,122.6,120.1,122.2,174,174,172.7,173.6,773,773,773,773,149.4207,243.0367,20095.8574,366.3719
2022-10-25,121,122.6,120.1,122.2,174,174,172.7,173.6,773,773,773,773,149.4207,243.0367,20095.8574,366.3719
2022-10-25,121,122.6,120.1,122.2,174,174,172.7,173.6,773,773,773,773,149.4207,243.0367,20095.8574,366.3719
2022-10-25,121,122.6,120.1,122.2,174,174,172.7,173.6,773,773,773,773,149.4207,243.0367,20095.8574,366.3719
2022-10-26,122.5,123.4,121.4,123.2,168,171.3,166.4,170.4,781,797.5,781,792,146.488,224.2849,20770.4414,363.6117
2022-10-26,122.5,123.4,121.4,123.2,168,171.3,166.4,170.4,781,797.5,781,792,146.488,224.2849,20770.4414,363.6117
2022-10-26,122.5,123.4,121.4,123.2,168,171.3,166.4,170.4,781,797.5,781,792,146.488,224.2849,20770.4414,363.6117
2022-10-26,122.5,123.4,121.4,123.2,168,171.3,166.4,170.4,781,797.5,781,792,146.488,224.2849,20770.4414,363.6117
2022-10-26,122.5,123.4,121.4,123.2,168,171.3,166.4,170.4,781,797.5,781,792,146.488,224.2849,20770.4414,363.6117
2022-10-26,122.5,123.4,121.4,123.2,168,171.3,166.4,170.4,781,797.5,781,792,146.488,224.2849,20770.4414,363.6117
2022-10-26,122.5,123.4,121.4,123.2,168,171.3,166.4,170.4,781,797.5,781,792,146.488,224.2849,20770.4414,363.6117
2022-10-26,122.5,123.4,121.4,123.2,168,171.3,166.4,170.4,781,797.5,781,792,146.488,224.2849,20770.4414,363.6117
2022-10-27,123.8,127,123.4,127,173.4,177.5,172,177.5,798,830,792,830,142.0252,219.8538,20285.8359,361.67
2022-10-28,126.4,127.6,125.4,127.3,175.2,175.2,171,173,820,828,790,820,152.7555,228.6964,20595.3516,370.2743
2022-10-28,126.4,127.6,125.4,127.3,175.2,175.2,171,173,820,828,790,820,152.7555,228.6964,20595.3516,370.2743
2022-10-28,126.4,127.6,125.4,127.3,175.2,175.2,171,173,820,828,790,820,152.7555,228.6964,20595.3516,370.2743
2022-10-28,126.4,127.6,125.4,127.3,175.2,175.2,171,173,820,828,790,820,152.7555,228.6964,20595.3516,370.2743
2022-10-28,126.4,127.6,125.4,127.3,175.2,175.2,171,173,820,828,790,820,152.7555,228.6964,20595.3516,370.2743
2022-10-28,126.4,127.6,125.4,127.3,175.2,175.2,171,173,820,828,790,820,152.7555,228.6964,20595.3516,370.2743
2022-10-28,126.4,127.6,125.4,127.3,175.2,175.2,171,173,820,828,790,820,152.7555,228.6964,20595.3516,370.2743
2022-10-28,126.4,127.6,125.4,127.3,175.2,175.2,171,173,820,828,790,820,152.7555,228.6964,20595.3516,370.2743
2022-11-02,129,129.5,128.3,129.2,173,173,162.2,162.5,833,843,807.5,843,142.2508,213.4061,20159.5039,356.8062
2022-11-03,127,128.4,126.5,126.8,165,176,161.8,172,820,820.5,800.5,820,136.2186,207.734,20209.9883,353.1322
2022-11-04,126,127.6,126,127,171.9,177.8,167.1,177.8,819,835,811.5,835,135.9534,214.6568,21147.2305,358.2148
2022-11-07,127,130,126.8,130,177.8,191,174,190,830,839.5,820.5,835,136.4839,220.9398,20602.8164,361.6415
2022-11-08,131.2,134.4,131.2,133.5,187,189.8,184,186.8,836,843,826.5,833,137.0537,221.9094,18541.2715,363.5927
2022-11-09,133,134.3,132,132,188.9,188.9,180,180,825,837,820,831,132.5049,217.6819,15880.7803,356.1018
2022-11-10,132,132.8,129,132.8,181,182.8,176.1,176.7,825,831,784,787,144.2945,235.5902,17586.7715,375.6711
2022-11-11,134.9,134.9,131.6,133.4,183,189,175.8,178.2,810,829,808,825,147.0748,239.5946,17034.293,379.3071
2022-11-11,134.9,134.9,131.6,133.4,183,189,175.8,178.2,810,829,808,825,147.0748,239.5946,17034.293,379.3071
2022-11-11,134.9,134.9,131.6,133.4,183,189,175.8,178.2,810,829,808,825,147.0748,239.5946,17034.293,379.3071
2022-11-11,134.9,134.9,131.6,133.4,183,189,175.8,178.2,810,829,808,825,147.0748,239.5946,17034.293,379.3071
2022-11-11,134.9,134.9,131.6,133.4,183,189,175.8,178.2,810,829,808,825,147.0748,239.5946,17034.293,379.3071
2022-11-11,134.9,134.9,131.6,133.4,183,189,175.8,178.2,810,829,808,825,147.0748,239.5946,17034.293,379.3071
2022-11-11,134.9,134.9,131.6,133.4,183,189,175.8,178.2,810,829,808,825,147.0748,239.5946,17034.293,379.3071
2022-11-11,134.9,134.9,131.6,133.4,183,189,175.8,178.2,810,829,808,825,147.0748,239.5946,17034.293,379.3071
2022-11-14,133.5,134.1,131.5,134.1,178.2,183.8,178,181,825,847,821.5,842,145.6797,234.2037,16618.1992,376.0804
2022-11-15,133.8,134,132,134,183,186.5,181.6,183.8,843,870,830.5,870,147.4089,234.6109,16884.6133,379.288
2022-11-15,133.8,134,132,134,183,186.5,181.6,183.8,843,870,830.5,870,147.4089,234.6109,16884.6133,379.288
2022-11-15,133.8,134,132,134,183,186.5,181.6,183.8,843,870,830.5,870,147.4089,234.6109,16884.6133,379.288
2022-11-15,133.8,134,132,134,183,186.5,181.6,183.8,843,870,830.5,870,147.4089,234.6109,16884.6133,379.288
2022-11-15,133.8,134,132,134,183,186.5,181.6,183.8,843,870,830.5,870,147.4089,234.6109,16884.6133,379.288
2022-11-15,133.8,134,132,134,183,186.5,181.6,183.8,843,870,830.5,870,147.4089,234.6109,16884.6133,379.288
2022-11-15,133.8,134,132,134,183,186.5,181.6,183.8,843,870,830.5,870,147.4089,234.6109,16884.6133,379.288
2022-11-15,133.8,134,132,134,183,186.5,181.6,183.8,843,870,830.5,870,147.4089,234.6109,16884.6133,379.288
2022-11-16,133.9,133.9,129,129,183.9,187.5,182.1,187.5,870,873.5,842,870,146.1808,235.0387,16669.4395,376.3945
2022-11-16,133.9,133.9,129,129,183.9,187.5,182.1,187.5,870,873.5,842,870,146.1808,235.0387,16669.4395,376.3945
2022-11-16,133.9,133.9,129,129,183.9,187.5,182.1,187.5,870,873.5,842,870,146.1808,235.0387,16669.4395,376.3945
2022-11-16,133.9,133.9,129,129,183.9,187.5,182.1,187.5,870,873.5,842,870,146.1808,235.0387,16669.4395,376.3945
2022-11-16,133.9,133.9,129,129,183.9,187.5,182.1,187.5,870,873.5,842,870,146.1808,235.0387,16669.4395,376.3945
2022-11-16,133.9,133.9,129,129,183.9,187.5,182.1,187.5,870,873.5,842,870,146.1808,235.0387,16669.4395,376.3945
2022-11-16,133.9,133.9,129,129,183.9,187.5,182.1,187.5,870,873.5,842,870,146.1808,235.0387,16669.4395,376.3945
2022-11-16,133.9,133.9,129,129,183.9,187.5,182.1,187.5,870,873.5,842,870,146.1808,235.0387,16669.4395,376.3945
2022-11-17,129,129.5,127.4,128.5,185,187,182.8,184.2,867,878,855,867,148.0769,234.9901,16687.5176,375.2429
2022-11-18,129,131.3,128.3,128.9,183.1,188.8,181.8,188,869,878,855,859,148.6369,234.5429,16697.7773,376.9466
2022-11-21,128.6,129,127,129,188.4,190,184.1,190,860,860,836,836,145.4144,235.3499,15787.2842,375.576
2022-11-22,129.2,131.3,129.2,130,188.8,191.3,185.5,186,837,869.5,837,869,147.5464,238.2474,16189.7695,380.63
2022-11-23,130,130.7,129,129.5,185.2,189,185.2,186,865,898,865,895,148.4208,240.7268,16610.707,383.0286
2022-11-25,132.6,132.6,130.4,131.5,186.8,189.6,182.3,185.8,893,919,882,910,145.5127,240.6393,16521.8418,382.943
2022-11-28,131.5,133.2,130.6,131,186,198.9,185.8,198.9,905,931.5,900,927,141.6909,235.0679,16217.3223,376.8324
2022-11-29,130.5,130.6,128.9,130.1,197.5,205,192.1,205,915,939,905.5,939,138.6944,233.6775,16444.9824,376.1851
2022-12-01,136,136,129.3,130,205.8,207,196.8,196.8,954,981.5,940,980,145.7092,247.64,16967.1328,387.7497
2022-12-02,131.6,132.2,128.2,128.2,199.5,199.5,193.5,193.5,968,968,901.5,901.5,145.2179,247.9609,17088.6602,387.3022
2022-12-05,127.2,130,126,127,193.6,193.6,184.3,184.3,905,910,890,894,144.0587,243.2743,16974.8262,380.335
2022-12-06,129.5,131.6,128,131.6,184,199.5,184,188.4,900,943,893,943,140.4039,238.3349,17089.5039,374.8526
2022-12-07,131,133.4,128.6,129,193.8,196.1,189.1,190,940,940,910,910,138.4684,237.6057,16848.127,374.2149
2022-12-07,131,133.4,128.6,129,193.8,196.1,189.1,190,940,940,910,910,138.4684,237.6057,16848.127,374.2149
2022-12-07,131,133.4,128.6,129,193.8,196.1,189.1,190,940,940,910,910,138.4684,237.6057,16848.127,374.2149
2022-12-07,131,133.4,128.6,129,193.8,196.1,189.1,190,940,940,910,910,138.4684,237.6057,16848.127,374.2149
2022-12-07,131,133.4,128.6,129,193.8,196.1,189.1,190,940,940,910,910,138.4684,237.6057,16848.127,374.2149
2022-12-07,131,133.4,128.6,129,193.8,196.1,189.1,190,940,940,910,910,138.4684,237.6057,16848.127,374.2149
2022-12-07,131,133.4,128.6,129,193.8,196.1,189.1,190,940,940,910,910,138.4684,237.6057,16848.127,374.2149
2022-12-07,131,133.4,128.6,129,193.8,196.1,189.1,190,940,940,910,910,138.4684,237.6057,16848.127,374.2149
2022-12-09,128.2,130.9,125.8,129,191.5,203,185.5,203,928,939,910,930,139.667,238.6266,17133.1523,374.3291
2022-12-09,128.2,130.9,125.8,129,191.5,203,185.5,203,928,939,910,930,139.667,238.6266,17133.1523,374.3291
2022-12-09,128.2,130.9,125.8,129,191.5,203,185.5,203,928,939,910,930,139.667,238.6266,17133.1523,374.3291
2022-12-09,128.2,130.9,125.8,129,191.5,203,185.5,203,928,939,910,930,139.667,238.6266,17133.1523,374.3291
2022-12-09,128.2,130.9,125.8,129,191.5,203,185.5,203,928,939,910,930,139.667,238.6266,17133.1523,374.3291
2022-12-09,128.2,130.9,125.8,129,191.5,203,185.5,203,928,939,910,930,139.667,238.6266,17133.1523,374.3291
2022-12-09,128.2,130.9,125.8,129,191.5,203,185.5,203,928,939,910,930,139.667,238.6266,17133.1523,374.3291
2022-12-09,128.2,130.9,125.8,129,191.5,203,185.5,203,928,939,910,930,139.667,238.6266,17133.1523,374.3291
2022-12-12,111.9,112.7,108.3,110.7,200,204.4,198.9,201,923,950,915.5,936,141.9562,245.5204,17206.4375,379.7259
2022-12-13,112.5,114.4,110.7,112.5,200,207,199.5,207,940,946,916,916,142.919,249.8083,17781.3184,382.6004
2022-12-14,114.3,114.8,112.6,113.6,203,207,199.1,207,922,939,922,928,140.6986,250.1,17815.6504,380.1542
2022-12-15,113.8,114,110.1,110.5,207.8,207.8,200.2,204,921,933.5,910.5,930,134.1063,242.1172,17364.8652,370.8549
2022-12-16,110.5,112.1,107.2,107.2,200,205,198,205,922,929,910,929,132.1512,237.9168,16647.4844,366.4766
2022-12-19,106.9,109,106.8,107.8,203.4,203.6,196,196,922,923.5,894,908.5,130.0488,233.7942,16439.6797,363.369
2022-12-20,109,109.8,107.2,107.4,197.6,204.6,195,204,905,915,898,905,129.98,235.1068,16906.3047,363.8663
2022-12-21,108,110.8,107.6,109,203.4,203.4,194.8,195.9,900,915,898.5,909,133.0747,237.664,16817.5352,369.3069
2022-12-22,110.8,111.6,108,108,197,199.9,196,198,910,926,910,926,129.9112,231.5968,16830.3418,364.0383
2022-12-23,108,109.5,106.6,106.8,197.1,204,197.1,204,924,927,913,914,129.5477,232.1218,16796.9531,366.1324
2022-12-27,108,108,105.6,105.9,204,205,200,200,914,932.5,912,930,127.7498,230.4008,16717.1738,364.6886
2022-12-28,108,108,105.7,105.9,204,204,196.3,198,920,930,901,910,123.8297,228.0381,16552.5723,360.1563
2022-12-29,105.9,106.3,105.5,105.7,198.2,204.4,196.7,200,910,916.5,900,900,127.3371,234.3387,16642.3418,366.6391
2022-12-29,105.9,106.3,105.5,105.7,198.2,204.4,196.7,200,910,916.5,900,900,127.3371,234.3387,16642.3418,366.6391
2022-12-29,105.9,106.3,105.5,105.7,198.2,204.4,196.7,200,910,916.5,900,900,127.3371,234.3387,16642.3418,366.6391
2022-12-29,105.9,106.3,105.5,105.7,198.2,204.4,196.7,200,910,916.5,900,900,127.3371,234.3387,16642.3418,366.6391
2022-12-29,105.9,106.3,105.5,105.7,198.2,204.4,196.7,200,910,916.5,900,900,127.3371,234.3387,16642.3418,366.6391
2022-12-29,105.9,106.3,105.5,105.7,198.2,204.4,196.7,200,910,916.5,900,900,127.3371,234.3387,16642.3418,366.6391
2022-12-29,105.9,106.3,105.5,105.7,198.2,204.4,196.7,200,910,916.5,900,900,127.3371,234.3387,16642.3418,366.6391
2022-12-29,105.9,106.3,105.5,105.7,198.2,204.4,196.7,200,910,916.5,900,900,127.3371,234.3387,16642.3418,366.6391
2023-01-03,105.8,108.6,105.5,107.9,200,204,196.2,198,900,919,900,900,122.8767,232.9483,16679.8574,364.134
2023-01-03,105.8,108.6,105.5,107.9,200,204,196.2,198,900,919,900,900,122.8767,232.9483,16679.8574,364.134
2023-01-03,105.8,108.6,105.5,107.9,200,204,196.2,198,900,919,900,900,122.8767,232.9483,16679.8574,364.134
2023-01-03,105.8,108.6,105.5,107.9,200,204,196.2,198,900,919,900,900,122.8767,232.9483,16679.8574,364.134
2023-01-03,105.8,108.6,105.5,107.9,200,204,196.2,198,900,919,900,900,122.8767,232.9483,16679.8574,364.134
2023-01-03,105.8,108.6,105.5,107.9,200,204,196.2,198,900,919,900,900,122.8767,232.9483,16679.8574,364.134
2023-01-03,105.8,108.6,105.5,107.9,200,204,196.2,198,900,919,900,900,122.8767,232.9483,16679.8574,364.134
2023-01-03,105.8,108.6,105.5,107.9,200,204,196.2,198,900,919,900,900,122.8767,232.9483,16679.8574,364.134
2023-01-04,109,111.9,108.7,111.5,198,201.8,197.5,197.5,900,929.5,900,921,124.1441,222.7584,16863.2383,366.9451
2023-01-05,112.6,114,112.5,114,197.7,201.2,197.4,198.7,925,933,910,915,122.8276,216.1563,16836.7363,362.7571
2023-01-06,112.1,113.5,110.8,111,200,200.4,196,196,918,920,900,900,127.347,218.7038,16951.9688,371.0759
2023-01-09,112,113.6,111.6,112.4,196,198.9,196,198,901,909.5,899.5,900,127.8677,220.8331,17196.5547,370.8654
2023-01-10,113,113.2,109.9,110.9,198,203.2,196.5,203,902,907,899.5,903.5,128.4375,222.5153,17446.293,373.4663
2023-01-11,111,112.3,109.9,109.9,201.2,202.2,197.2,200,903.5,911,897,900,131.1491,229.2437,17934.8965,378.1898
2023-01-12,110.9,114,110.9,114,201,203,198.4,203,900,905,900,904,131.0705,231.9079,18869.5879,379.5667
2023-01-13,114,119,113.7,119,203,213.6,202,208,904,913,901.5,908,132.3969,232.608,19909.5742,381.0393
2023-01-13,114,119,113.7,119,203,213.6,202,208,904,913,901.5,908,132.3969,232.608,19909.5742,381.0393
2023-01-13,114,119,113.7,119,203,213.6,202,208,904,913,901.5,908,132.3969,232.608,19909.5742,381.0393
2023-01-13,114,119,113.7,119,203,213.6,202,208,904,913,901.5,908,132.3969,232.608,19909.5742,381.0393
2023-01-13,114,119,113.7,119,203,213.6,202,208,904,913,901.5,908,132.3969,232.608,19909.5742,381.0393
2023-01-13,114,119,113.7,119,203,213.6,202,208,904,913,901.5,908,132.3969,232.608,19909.5742,381.0393
2023-01-13,114,119,113.7,119,203,213.6,202,208,904,913,901.5,908,132.3969,232.608,19909.5742,381.0393
2023-01-13,114,119,113.7,119,203,213.6,202,208,904,913,901.5,908,132.3969,232.608,19909.5742,381.0393
2023-01-17,125,125,122.6,124.5,206.8,211.2,206,211.2,935,945,923,933,133.5561,233.6969,21161.5195,380.3412
2023-01-18,124.2,124.6,123.4,123.6,211,221.6,210.2,221.6,933,935,915,934,132.8389,229.2826,20688.7812,374.3364
2023-01-19,124,126.7,122.4,122.7,220,220,215.4,218,930,935.5,925.5,930.5,132.8979,225.51,21086.793,371.6113
2023-01-19,124,126.7,122.4,122.7,220,220,215.4,218,930,935.5,925.5,930.5,132.8979,225.51,21086.793,371.6113
2023-01-19,124,126.7,122.4,122.7,220,220,215.4,218,930,935.5,925.5,930.5,132.8979,225.51,21086.793,371.6113
2023-01-19,124,126.7,122.4,122.7,220,220,215.4,218,930,935.5,925.5,930.5,132.8979,225.51,21086.793,371.6113
2023-01-19,124,126.7,122.4,122.7,220,220,215.4,218,930,935.5,925.5,930.5,132.8979,225.51,21086.793,371.6113
2023-01-19,124,126.7,122.4,122.7,220,220,215.4,218,930,935.5,925.5,930.5,132.8979,225.51,21086.793,371.6113
2023-01-19,124,126.7,122.4,122.7,220,220,215.4,218,930,935.5,925.5,930.5,132.8979,225.51,21086.793,371.6113
2023-01-19,124,126.7,122.4,122.7,220,220,215.4,218,930,935.5,925.5,930.5,132.8979,225.51,21086.793,371.6113
2023-01-19,124,126.7,122.4,122.7,220,220,215.4,218,930,935.5,925.5,930.5,132.8979,225.51,21086.793,371.6113
2023-01-19,124,126.7,122.4,122.7,220,220,215.4,218,930,935.5,925.5,930.5,132.8979,225.51,21086.793,371.6113
2023-01-19,124,126.7,122.4,122.7,220,220,215.4,218,930,935.5,925.5,930.5,132.8979,225.51,21086.793,371.6113
2023-01-19,124,126.7,122.4,122.7,220,220,215.4,218,930,935.5,925.5,930.5,132.8979,225.51,21086.793,371.6113
2023-01-19,124,126.7,122.4,122.7,220,220,215.4,218,930,935.5,925.5,930.5,132.8979,225.51,21086.793,371.6113
2023-01-19,124,126.7,122.4,122.7,220,220,215.4,218,930,935.5,925.5,930.5,132.8979,225.51,21086.793,371.6113
2023-01-19,124,126.7,122.4,122.7,220,220,215.4,218,930,935.5,925.5,930.5,132.8979,225.51,21086.793,371.6113
2023-01-19,124,126.7,122.4,122.7,220,220,215.4,218,930,935.5,925.5,930.5,132.8979,225.51,21086.793,371.6113
2023-01-19,124,126.7,122.4,122.7,220,220,215.4,218,930,935.5,925.5,930.5,132.8979,225.51,21086.793,371.6113
2023-01-19,124,126.7,122.4,122.7,220,220,215.4,218,930,935.5,925.5,930.5,132.8979,225.51,21086.793,371.6113
2023-01-19,124,126.7,122.4,122.7,220,220,215.4,218,930,935.5,925.5,930.5,132.8979,225.51,21086.793,371.6113
2023-01-19,124,126.7,122.4,122.7,220,220,215.4,218,930,935.5,925.5,930.5,132.8979,225.51,21086.793,371.6113
2023-01-19,124,126.7,122.4,122.7,220,220,215.4,218,930,935.5,925.5,930.5,132.8979,225.51,21086.793,371.6113
2023-01-19,124,126.7,122.4,122.7,220,220,215.4,218,930,935.5,925.5,930.5,132.8979,225.51,21086.793,371.6113
2023-01-19,124,126.7,122.4,122.7,220,220,215.4,218,930,935.5,925.5,930.5,132.8979,225.51,21086.793,371.6113
2023-01-19,124,126.7,122.4,122.7,220,220,215.4,218,930,935.5,925.5,930.5,132.8979,225.51,21086.793,371.6113
2023-01-19,124,126.7,122.4,122.7,220,220,215.4,218,930,935.5,925.5,930.5,132.8979,225.51,21086.793,371.6113
2023-01-19,124,126.7,122.4,122.7,220,220,215.4,218,930,935.5,925.5,930.5,132.8979,225.51,21086.793,371.6113
2023-01-19,124,126.7,122.4,122.7,220,220,215.4,218,930,935.5,925.5,930.5,132.8979,225.51,21086.793,371.6113
2023-01-20,123,124.9,122.7,123,219.6,219.6,215,216,930,958.5,930,950,135.4523,233.5705,22676.5527,378.5341
2023-01-20,123,124.9,122.7,123,219.6,219.6,215,216,930,958.5,930,950,135.4523,233.5705,22676.5527,378.5341
2023-01-20,123,124.9,122.7,123,219.6,219.6,215,216,930,958.5,930,950,135.4523,233.5705,22676.5527,378.5341
2023-01-20,123,124.9,122.7,123,219.6,219.6,215,216,930,958.5,930,950,135.4523,233.5705,22676.5527,378.5341
2023-01-20,123,124.9,122.7,123,219.6,219.6,215,216,930,958.5,930,950,135.4523,233.5705,22676.5527,378.5341
2023-01-20,123,124.9,122.7,123,219.6,219.6,215,216,930,958.5,930,950,135.4523,233.5705,22676.5527,378.5341
2023-01-20,123,124.9,122.7,123,219.6,219.6,215,216,930,958.5,930,950,135.4523,233.5705,22676.5527,378.5341
2023-01-20,123,124.9,122.7,123,219.6,219.6,215,216,930,958.5,930,950,135.4523,233.5705,22676.5527,378.5341
2023-01-23,123,124,121.5,122.5,217,218,211.2,216,950,950,933,950,138.6355,235.8652,22934.4316,383.076
2023-01-24,122.5,124.8,122.1,122.4,216,219,212,212,944,956.5,939,945,140.0305,235.3401,22636.4688,382.6648
2023-01-25,122.8,122.8,121.7,122,212,218.8,209.6,216.6,950,952,943,945,139.3723,233.9497,23117.8594,382.8082
2023-01-26,122,123.5,121.8,122,216.6,216.6,211,211,950,952,942,942,141.4355,241.1352,23032.7773,387.0155
2023-01-27,122.1,123,121.7,122,214,216,210.8,213,942,949,940,944,143.3709,241.2908,23078.7285,387.9047
2023-01-30,122,123,121.7,123,212.8,213,207,211.8,949.5,949.5,926,930,140.4924,235.9916,22840.1387,383.0377
2023-01-31,124,124.7,121.3,122.8,210.8,210.8,198.6,207.4,925,928,900,920,141.7597,240.9505,23139.2832,388.6696
2023-02-01,124.5,125.3,123.5,125.2,208,219.8,206.2,218.6,920,946,905,946,142.8797,245.7537,23723.7695,392.8004
2023-02-02,126,126.5,123.3,125.5,215,218,213.8,218,948,948,930,930,148.1752,257.2757,23471.8711,398.5184
2023-02-03,126,127.4,125,126,217.8,218.8,207.2,218,938,938,903,919,151.7907,251.1987,23449.3223,394.2825
2023-02-06,125,125.2,122.6,125,216,218,209.2,210,919,924,910,910,149.0692,249.6624,22760.1094,391.8729
2023-02-07,124,125,123,124,210,213.4,206.6,206.6,910,918.5,908,915,151.938,260.1537,23264.291,396.998
2023-02-08,124.4,126,124,126,209.8,213,207.2,212,906,923,905.5,909,149.2559,259.3468,22939.3984,392.6569
2023-02-09,125,125.6,124.6,125,213,214.8,209,211.4,910,910,888,895,148.2243,256.3228,21819.0391,389.2529
2023-02-10,125,125.8,124.5,125.5,211.4,214,209,214,897,904,897,900,148.5884,255.8172,21651.1836,390.1613
2023-02-13,125.5,127.2,125,126.4,211,216.4,211,215,900,904,893,895,151.3829,263.8096,21808.1016,394.7413
2023-02-14,125.2,126,124.7,125.5,215,217.6,214.2,214.8,898,908,883,885,150.7433,264.6361,22220.8047,394.5598
2023-02-14,125.2,126,124.7,125.5,215,217.6,214.2,214.8,898,908,883,885,150.7433,264.6361,22220.8047,394.5598
2023-02-14,125.2,126,124.7,125.5,215,217.6,214.2,214.8,898,908,883,885,150.7433,264.6361,22220.8047,394.5598
2023-02-14,125.2,126,124.7,125.5,215,217.6,214.2,214.8,898,908,883,885,150.7433,264.6361,22220.8047,394.5598
2023-02-14,125.2,126,124.7,125.5,215,217.6,214.2,214.8,898,908,883,885,150.7433,264.6361,22220.8047,394.5598
2023-02-14,125.2,126,124.7,125.5,215,217.6,214.2,214.8,898,908,883,885,150.7433,264.6361,22220.8047,394.5598
2023-02-14,125.2,126,124.7,125.5,215,217.6,214.2,214.8,898,908,883,885,150.7433,264.6361,22220.8047,394.5598
2023-02-14,125.2,126,124.7,125.5,215,217.6,214.2,214.8,898,908,883,885,150.7433,264.6361,22220.8047,394.5598
2023-02-15,125,125.7,124.5,125.5,214.8,214.8,208,210,885.5,898,878,891,152.8391,262.5209,24307.8418,395.841
2023-02-16,125.5,126.5,124.2,124.2,210,212.4,209,209,886.5,895,885.5,888,151.2451,255.5319,23623.4746,390.3908
2023-02-17,124,125,123,125,211.8,212.8,209.2,211.2,890,890,870,875,150.1037,251.5452,24565.6016,389.4155
2023-02-21,123.8,124.4,123.3,123.9,208.2,208.6,205,206,885,901.5,873,897.5,146.099,246.2913,24436.3535,381.6034
2023-02-21,123.8,124.4,123.3,123.9,208.2,208.6,205,206,885,901.5,873,897.5,146.099,246.2913,24436.3535,381.6034
2023-02-21,123.8,124.4,123.3,123.9,208.2,208.6,205,206,885,901.5,873,897.5,146.099,246.2913,24436.3535,381.6034
2023-02-21,123.8,124.4,123.3,123.9,208.2,208.6,205,206,885,901.5,873,897.5,146.099,246.2913,24436.3535,381.6034
2023-02-21,123.8,124.4,123.3,123.9,208.2,208.6,205,206,885,901.5,873,897.5,146.099,246.2913,24436.3535,381.6034
2023-02-21,123.8,124.4,123.3,123.9,208.2,208.6,205,206,885,901.5,873,897.5,146.099,246.2913,24436.3535,381.6034
2023-02-21,123.8,124.4,123.3,123.9,208.2,208.6,205,206,885,901.5,873,897.5,146.099,246.2913,24436.3535,381.6034
2023-02-21,123.8,124.4,123.3,123.9,208.2,208.6,205,206,885,901.5,873,897.5,146.099,246.2913,24436.3535,381.6034
2023-02-22,124.4,124.9,123.2,124,207,209.6,206,207.8,894.5,897,879,890,146.522,245.1605,24188.8438,381.0775
2023-02-23,124,124.4,123.1,124,207.8,209.8,205,209.8,890,902.5,881,900,147.0042,248.3383,23947.4922,383.1046
2023-02-27,125,125.1,122.6,124.1,213,213.2,200,200,895,895,866,894.5,145.5479,243.8447,23522.8711,380.303
2023-02-28,124.5,126.3,123.4,123.4,202,206.8,199.8,199.8,894.5,900,852,852,145.0461,243.1233,23147.3535,378.8975
2023-03-01,123.6,125.4,123.6,124,201,203,198.2,198.8,876,893,860,889,142.9798,240.0528,23646.5508,377.444
2023-03-01,123.6,125.4,123.6,124,201,203,198.2,198.8,876,893,860,889,142.9798,240.0528,23646.5508,377.444
2023-03-01,123.6,125.4,123.6,124,201,203,198.2,198.8,876,893,860,889,142.9798,240.0528,23646.5508,377.444
2023-03-01,123.6,125.4,123.6,124,201,203,198.2,198.8,876,893,860,889,142.9798,240.0528,23646.5508,377.444
2023-03-01,123.6,125.4,123.6,124,201,203,198.2,198.8,876,893,860,889,142.9798,240.0528,23646.5508,377.444
2023-03-01,123.6,125.4,123.6,124,201,203,198.2,198.8,876,893,860,889,142.9798,240.0528,23646.5508,377.444
2023-03-01,123.6,125.4,123.6,124,201,203,198.2,198.8,876,893,860,889,142.9798,240.0528,23646.5508,377.444
2023-03-01,123.6,125.4,123.6,124,201,203,198.2,198.8,876,893,860,889,142.9798,240.0528,23646.5508,377.444
2023-03-02,124.4,126.4,123.8,125,200,202.8,199.4,199.9,893,911,884.5,890.5,143.5702,244.7706,23475.4668,380.3795
2023-03-03,127,128,125.2,125.8,200,203,198.5,200,893,898.5,886,896,148.608,248.8451,22362.6797,386.4799
2023-03-03,127,128,125.2,125.8,200,203,198.5,200,893,898.5,886,896,148.608,248.8451,22362.6797,386.4799
2023-03-03,127,128,125.2,125.8,200,203,198.5,200,893,898.5,886,896,148.608,248.8451,22362.6797,386.4799
2023-03-03,127,128,125.2,125.8,200,203,198.5,200,893,898.5,886,896,148.608,248.8451,22362.6797,386.4799
2023-03-03,127,128,125.2,125.8,200,203,198.5,200,893,898.5,886,896,148.608,248.8451,22362.6797,386.4799
2023-03-03,127,128,125.2,125.8,200,203,198.5,200,893,898.5,886,896,148.608,248.8451,22362.6797,386.4799
2023-03-03,127,128,125.2,125.8,200,203,198.5,200,893,898.5,886,896,148.608,248.8451,22362.6797,386.4799
2023-03-03,127,128,125.2,125.8,200,203,198.5,200,893,898.5,886,896,148.608,248.8451,22362.6797,386.4799
2023-03-06,125.5,128.1,125,127,200,207.4,199.6,207,900,903.5,886,886,151.3632,250.3852,22429.7578,386.7477
2023-03-06,125.5,128.1,125,127,200,207.4,199.6,207,900,903.5,886,886,151.3632,250.3852,22429.7578,386.7477
2023-03-06,125.5,128.1,125,127,200,207.4,199.6,207,900,903.5,886,886,151.3632,250.3852,22429.7578,386.7477
2023-03-06,125.5,128.1,125,127,200,207.4,199.6,207,900,903.5,886,886,151.3632,250.3852,22429.7578,386.7477
2023-03-06,125.5,128.1,125,127,200,207.4,199.6,207,900,903.5,886,886,151.3632,250.3852,22429.7578,386.7477
2023-03-06,125.5,128.1,125,127,200,207.4,199.6,207,900,903.5,886,886,151.3632,250.3852,22429.7578,386.7477
2023-03-06,125.5,128.1,125,127,200,207.4,199.6,207,900,903.5,886,886,151.3632,250.3852,22429.7578,386.7477
2023-03-06,125.5,128.1,125,127,200,207.4,199.6,207,900,903.5,886,886,151.3632,250.3852,22429.7578,386.7477
2023-03-07,127.3,128.2,127.1,127.5,208,212.6,208,208,888.5,898.5,880,880,149.1689,247.7339,22219.7695,380.8194
2023-03-08,126.6,128,124.3,128,206,211,205.2,211,880,894.5,858,889,150.4186,247.2953,21718.0801,381.4409
2023-03-09,128.9,129.6,127.8,128.3,212,216,211,212.4,887.5,895,871,871,148.1751,245.9501,20363.0215,374.4034
2023-03-09,128.9,129.6,127.8,128.3,212,216,211,212.4,887.5,895,871,871,148.1751,245.9501,20363.0215,374.4034
2023-03-09,128.9,129.6,127.8,128.3,212,216,211,212.4,887.5,895,871,871,148.1751,245.9501,20363.0215,374.4034
2023-03-09,128.9,129.6,127.8,128.3,212,216,211,212.4,887.5,895,871,871,148.1751,245.9501,20363.0215,374.4034
2023-03-09,128.9,129.6,127.8,128.3,212,216,211,212.4,887.5,895,871,871,148.1751,245.9501,20363.0215,374.4034
2023-03-09,128.9,129.6,127.8,128.3,212,216,211,212.4,887.5,895,871,871,148.1751,245.9501,20363.0215,374.4034
2023-03-09,128.9,129.6,127.8,128.3,212,216,211,212.4,887.5,895,871,871,148.1751,245.9501,20363.0215,374.4034
2023-03-09,128.9,129.6,127.8,128.3,212,216,211,212.4,887.5,895,871,871,148.1751,245.9501,20363.0215,374.4034
2023-03-10,128.1,128.3,123.2,124.2,210,213,208,213,878,878,852.5,875,146.1187,242.3143,20187.2441,369.001
2023-03-13,122,123.3,121,122,211,211.4,207.2,207.4,860,899,856,875,148.057,247.5097,24197.5332,368.475
2023-03-14,118,119,117.2,118.3,207.4,209,205,205.2,875,889.5,870,883,150.1431,254.2063,24746.0742,374.5659
2023-03-15,122.9,124.9,122.1,124.3,195,199.8,194,197.7,868,882.5,866.5,874,150.5366,258.7389,24375.9609,372.2233
2023-03-16,122,123.4,120.5,121.5,197.7,199.8,197,198,874,879,848,874,153.3508,269.2273,25052.7891,378.754
2023-03-16,122,123.4,120.5,121.5,197.7,199.8,197,198,874,879,848,874,153.3508,269.2273,25052.7891,378.754
2023-03-16,122,123.4,120.5,121.5,197.7,199.8,197,198,874,879,848,874,153.3508,269.2273,25052.7891,378.754
2023-03-16,122,123.4,120.5,121.5,197.7,199.8,197,198,874,879,848,874,153.3508,269.2273,25052.7891,378.754
2023-03-16,122,123.4,120.5,121.5,197.7,199.8,197,198,874,879,848,874,153.3508,269.2273,25052.7891,378.754
2023-03-16,122,123.4,120.5,121.5,197.7,199.8,197,198,874,879,848,874,153.3508,269.2273,25052.7891,378.754
2023-03-16,122,123.4,120.5,121.5,197.7,199.8,197,198,874,879,848,874,153.3508,269.2273,25052.7891,378.754
2023-03-16,122,123.4,120.5,121.5,197.7,199.8,197,198,874,879,848,874,153.3508,269.2273,25052.7891,378.754
2023-03-17,124,127.6,122.1,127.6,198,199.8,197.3,198,861,897.5,861,897,152.5144,272.3757,27423.9297,374.3254
2023-03-20,125,125,121.3,121.5,198,200.8,197.1,197.9,884,888.5,877,883.5,154.8759,265.3575,27767.2363,377.9247
2023-03-21,122.5,123.8,122.5,123.1,197,200,197,199.2,880,901,880,899.5,156.7257,266.8683,28175.8164,382.8871
2023-03-21,122.5,123.8,122.5,123.1,197,200,197,199.2,880,901,880,899.5,156.7257,266.8683,28175.8164,382.8871
2023-03-21,122.5,123.8,122.5,123.1,197,200,197,199.2,880,901,880,899.5,156.7257,266.8683,28175.8164,382.8871
2023-03-21,122.5,123.8,122.5,123.1,197,200,197,199.2,880,901,880,899.5,156.7257,266.8683,28175.8164,382.8871
2023-03-21,122.5,123.8,122.5,123.1,197,200,197,199.2,880,901,880,899.5,156.7257,266.8683,28175.8164,382.8871
2023-03-21,122.5,123.8,122.5,123.1,197,200,197,199.2,880,901,880,899.5,156.7257,266.8683,28175.8164,382.8871
2023-03-21,122.5,123.8,122.5,123.1,197,200,197,199.2,880,901,880,899.5,156.7257,266.8683,28175.8164,382.8871
2023-03-21,122.5,123.8,122.5,123.1,197,200,197,199.2,880,901,880,899.5,156.7257,266.8683,28175.8164,382.8871
2023-03-22,124,126.7,123.2,126.2,202,204,200,200,903,911,891.5,900,155.299,265.416,27307.4375,376.3602
2023-03-23,123.3,124.8,121.2,124,199.8,203,199,201,893,900,885,900,156.3814,270.6504,28333.9727,377.3776
2023-03-24,124,127,123.3,127,201,213.4,201,213.2,900,909,899.5,905,157.6802,273.487,27493.2852,379.8539
2023-03-24,124,127,123.3,127,201,213.4,201,213.2,900,909,899.5,905,157.6802,273.487,27493.2852,379.8539
2023-03-24,124,127,123.3,127,201,213.4,201,213.2,900,909,899.5,905,157.6802,273.487,27493.2852,379.8539
2023-03-24,124,127,123.3,127,201,213.4,201,213.2,900,909,899.5,905,157.6802,273.487,27493.2852,379.8539
2023-03-24,124,127,123.3,127,201,213.4,201,213.2,900,909,899.5,905,157.6802,273.487,27493.2852,379.8539
2023-03-24,124,127,123.3,127,201,213.4,201,213.2,900,909,899.5,905,157.6802,273.487,27493.2852,379.8539
2023-03-24,124,127,123.3,127,201,213.4,201,213.2,900,909,899.5,905,157.6802,273.487,27493.2852,379.8539
2023-03-24,124,127,123.3,127,201,213.4,201,213.2,900,909,899.5,905,157.6802,273.487,27493.2852,379.8539
2023-03-27,126,126.5,125.5,126.5,212,212,207.2,210,905,918.5,898.5,918,155.7418,269.4027,27139.8887,380.5642
2023-03-28,126.7,128.6,125.5,125.5,211.8,215.8,210.4,214.2,918,919.5,911,915.5,155.1219,268.2818,27268.1309,379.7101
2023-03-29,127.4,128.5,126.1,128.5,215.6,215.6,210.4,214,915.5,915.5,905,909,158.1919,273.4284,28348.4414,385.2291
2023-03-30,128.9,128.9,127.5,128.5,214.2,218,214,218,910,910.5,901,902.5,159.7564,276.8791,28033.5625,387.4846
2023-03-31,129,129,126.8,128.5,217,218,212.2,213.4,907,907,889,889,162.2556,281.0218,28478.4844,392.9461
2023-04-03,128.5,128.7,127.6,128.2,214.4,217.4,213.4,213.6,889,891,882,885,163.5053,279.9788,27790.2207,394.4435
2023-04-04,128.5,128.9,125,125,213,213.6,210,210,885,894.5,862,870,162.9739,279.9301,28168.0898,392.2551
2023-04-05,125.2,126.3,123.7,124.2,210,211.8,209,210,870,899,870,896,161.1339,277.1617,28177.9844,391.228
2023-04-11,125.5,130,124.7,130,210,213.4,207,210,896,903,880.5,899,158.2214,275.6899,30235.0586,393.2628
2023-04-12,129.4,131,128.6,130.2,210,214.8,210,211,900,900,886.5,890,157.5326,276.3332,30139.0527,391.6599
2023-04-13,130.1,131,128,131,211,213.8,209.4,211,886.5,889,872,884,162.905,282.5229,30399.0664,396.8622
2023-04-13,130.1,131,128,131,211,213.8,209.4,211,886.5,889,872,884,162.905,282.5229,30399.0664,396.8622
2023-04-13,130.1,131,128,131,211,213.8,209.4,211,886.5,889,872,884,162.905,282.5229,30399.0664,396.8622
2023-04-13,130.1,131,128,131,211,213.8,209.4,211,886.5,889,872,884,162.905,282.5229,30399.0664,396.8622
2023-04-13,130.1,131,128,131,211,213.8,209.4,211,886.5,889,872,884,162.905,282.5229,30399.0664,396.8622
2023-04-13,130.1,131,128,131,211,213.8,209.4,211,886.5,889,872,884,162.905,282.5229,30399.0664,396.8622
2023-04-13,130.1,131,128,131,211,213.8,209.4,211,886.5,889,872,884,162.905,282.5229,30399.0664,396.8622
2023-04-13,130.1,131,128,131,211,213.8,209.4,211,886.5,889,872,884,162.905,282.5229,30399.0664,396.8622
2023-04-14,131,134.8,130.2,132,211.6,216,211.2,212.6,883.5,904,883.5,904,162.5607,278.9163,30485.6992,395.8928
2023-04-14,131,134.8,130.2,132,211.6,216,211.2,212.6,883.5,904,883.5,904,162.5607,278.9163,30485.6992,395.8928
2023-04-14,131,134.8,130.2,132,211.6,216,211.2,212.6,883.5,904,883.5,904,162.5607,278.9163,30485.6992,395.8928
2023-04-14,131,134.8,130.2,132,211.6,216,211.2,212.6,883.5,904,883.5,904,162.5607,278.9163,30485.6992,395.8928
2023-04-14,131,134.8,130.2,132,211.6,216,211.2,212.6,883.5,904,883.5,904,162.5607,278.9163,30485.6992,395.8928
2023-04-14,131,134.8,130.2,132,211.6,216,211.2,212.6,883.5,904,883.5,904,162.5607,278.9163,30485.6992,395.8928
2023-04-14,131,134.8,130.2,132,211.6,216,211.2,212.6,883.5,904,883.5,904,162.5607,278.9163,30485.6992,395.8928
2023-04-14,131,134.8,130.2,132,211.6,216,211.2,212.6,883.5,904,883.5,904,162.5607,278.9163,30485.6992,395.8928
2023-04-17,132,132,127.5,128.3,212.6,212.6,209.2,210.2,899.5,906,883.5,900,162.5804,281.5092,29445.0449,397.3133
2023-04-18,128.5,128.5,127.3,127.9,210.2,211,209.4,210,900,902.5,889,900,163.8005,281.09,30397.5527,397.5725
2023-04-19,128.2,129.8,128.1,129.5,210,210,209,210,904,904,891,900,164.9419,281.168,28822.6797,397.5054
2023-04-20,133.9,135,132.1,135,212,213.6,209.4,213.6,900,903.5,899.5,900,163.9776,278.8871,28245.9883,395.3361
2023-04-24,135.1,142.5,135.1,139.5,213,217,209,217,902,907,895,900,162.6788,274.6566,27525.3398,396.056
2023-04-25,139.7,140.9,138.7,139.7,217.2,218,214,218,906.5,906.5,896,900,161.1438,268.4669,28307.5977,389.7691
2023-04-26,139,139,137.2,138,218,218.8,213,218.8,899,905,885,898,161.1339,287.9132,28422.7012,388.1182
2023-04-27,137.5,144.9,136.5,144.6,218,219,217.2,219,898,900.5,888,888,165.7094,297.1345,29473.7871,395.8448
2023-04-28,144,144,140,144,219,219.8,215.2,217,895,901.5,895,895,166.959,299.5031,29340.2617,399.2234
2023-05-02,142,145,141.1,142,217,219,216,217,899.5,920,899.5,920,165.8372,297.6999,28680.5371,394.3379
2023-05-03,142.5,142.5,137.2,137.7,217,217,215.2,216,920,924,903.5,907,164.7647,296.7153,29006.3086,391.6312
2023-05-04,138,141.9,138,141,216,217,213,214,907,918,907,913.5,163.1313,297.6999,28847.7109,388.8572
2023-05-05,141,142.5,140.1,140.5,214,214,213,213,913.5,927,913.5,925.5,170.7866,302.8075,29534.3848,396.056
2023-05-05,141,142.5,140.1,140.5,214,214,213,213,913.5,927,913.5,925.5,170.7866,302.8075,29534.3848,396.056
2023-05-05,141,142.5,140.1,140.5,214,214,213,213,913.5,927,913.5,925.5,170.7866,302.8075,29534.3848,396.056
2023-05-05,141,142.5,140.1,140.5,214,214,213,213,913.5,927,913.5,925.5,170.7866,302.8075,29534.3848,396.056
2023-05-05,141,142.5,140.1,140.5,214,214,213,213,913.5,927,913.5,925.5,170.7866,302.8075,29534.3848,396.056
2023-05-05,141,142.5,140.1,140.5,214,214,213,213,913.5,927,913.5,925.5,170.7866,302.8075,29534.3848,396.056
2023-05-05,141,142.5,140.1,140.5,214,214,213,213,913.5,927,913.5,925.5,170.7866,302.8075,29534.3848,396.056
2023-05-05,141,142.5,140.1,140.5,214,214,213,213,913.5,927,913.5,925.5,170.7866,302.8075,29534.3848,396.056
2023-05-05,141,142.5,140.1,140.5,214,214,213,213,913.5,927,913.5,925.5,170.7866,302.8075,29534.3848,396.056
2023-05-05,141,142.5,140.1,140.5,214,214,213,213,913.5,927,913.5,925.5,170.7866,302.8075,29534.3848,396.056
2023-05-05,141,142.5,140.1,140.5,214,214,213,213,913.5,927,913.5,925.5,170.7866,302.8075,29534.3848,396.056
2023-05-05,141,142.5,140.1,140.5,214,214,213,213,913.5,927,913.5,925.5,170.7866,302.8075,29534.3848,396.056
2023-05-05,141,142.5,140.1,140.5,214,214,213,213,913.5,927,913.5,925.5,170.7866,302.8075,29534.3848,396.056
2023-05-05,141,142.5,140.1,140.5,214,214,213,213,913.5,927,913.5,925.5,170.7866,302.8075,29534.3848,396.056
2023-05-05,141,142.5,140.1,140.5,214,214,213,213,913.5,927,913.5,925.5,170.7866,302.8075,29534.3848,396.056
2023-05-05,141,142.5,140.1,140.5,214,214,213,213,913.5,927,913.5,925.5,170.7866,302.8075,29534.3848,396.056
2023-05-05,141,142.5,140.1,140.5,214,214,213,213,913.5,927,913.5,925.5,170.7866,302.8075,29534.3848,396.056
2023-05-05,141,142.5,140.1,140.5,214,214,213,213,913.5,927,913.5,925.5,170.7866,302.8075,29534.3848,396.056
2023-05-05,141,142.5,140.1,140.5,214,214,213,213,913.5,927,913.5,925.5,170.7866,302.8075,29534.3848,396.056
2023-05-05,141,142.5,140.1,140.5,214,214,213,213,913.5,927,913.5,925.5,170.7866,302.8075,29534.3848,396.056
2023-05-05,141,142.5,140.1,140.5,214,214,213,213,913.5,927,913.5,925.5,170.7866,302.8075,29534.3848,396.056
2023-05-05,141,142.5,140.1,140.5,214,214,213,213,913.5,927,913.5,925.5,170.7866,302.8075,29534.3848,396.056
2023-05-05,141,142.5,140.1,140.5,214,214,213,213,913.5,927,913.5,925.5,170.7866,302.8075,29534.3848,396.056
2023-05-05,141,142.5,140.1,140.5,214,214,213,213,913.5,927,913.5,925.5,170.7866,302.8075,29534.3848,396.056
2023-05-05,141,142.5,140.1,140.5,214,214,213,213,913.5,927,913.5,925.5,170.7866,302.8075,29534.3848,396.056
2023-05-05,141,142.5,140.1,140.5,214,214,213,213,913.5,927,913.5,925.5,170.7866,302.8075,29534.3848,396.056
2023-05-05,141,142.5,140.1,140.5,214,214,213,213,913.5,927,913.5,925.5,170.7866,302.8075,29534.3848,396.056
2023-05-08,138.2,140,137,137,213.8,216.8,210,210,927,935,913,920,170.7177,300.858,27694.2734,396.1615
2023-05-09,137,138.2,135.7,136.1,210.4,212,201.4,206.4,920,935,919.5,935,169.0155,299.2497,27658.7754,394.4243
2023-05-10,138,139.2,135.3,135.5,206.4,207.6,203,205.6,934,944.5,929.5,943,170.7767,304.4256,27621.7559,396.2672
2023-05-11,137.6,138.5,135.7,136,205.8,208,205.8,208,943,944,935,941,170.9637,302.2812,27000.7891,395.576
2023-05-12,136.3,136.6,135.3,135.5,207.8,207.8,203,203,939.5,940,920,927,170.0375,301.1699,26804.9902,395.0577
2023-05-15,136,137,135.4,135.8,203,203,199,200,926,939,922.5,924.5,169.5448,301.6476,27192.6934,396.4207
2023-05-16,136,138.6,135.6,136.4,200,202.2,200,201,922,934,922,930.5,169.5448,303.87,27036.6504,393.7716
2023-05-17,137.7,138.7,135.5,136,202,204.8,199,204.6,928.5,940,928.5,940,170.1558,306.742,27398.8027,398.5515
2023-05-18,135.6,137.8,135.6,136.5,205,205.8,203.4,203.8,940,940,926,927,172.4811,311.1576,26832.209,402.3908
2023-05-19,138,143.5,136.5,140,200.4,203,200.2,201,933,938.5,925.5,929,172.5895,310.9818,26890.1289,401.8054
2023-05-22,140,140,137.7,139,202,202,200,201,925,940,910.5,924,171.6436,313.7561,26851.2773,401.9685
2023-05-23,139.5,141.3,137.9,137.9,200.8,202.8,200,200.6,911,927,911,920,169.0423,307.973,27225.7266,397.4573
2023-05-24,136.7,137.5,135.4,136,200.2,202.8,200.2,201.4,918.5,930,918.5,929,169.3182,306.5955,26334.8184,394.5778
2023-05-25,135.6,137.5,135,135,202,203,200,200,925,934,912.5,916,170.4513,318.3866,26476.207,397.9949
2023-05-26,135,135.4,131.6,135,200.2,201.8,191,195,920,924,901,920,172.8555,325.1954,26719.291,403.1491
2023-05-30,135,135.5,132.1,134.3,202,202,199,199,919,922,910,910.5,174.6981,323.5543,27702.3496,403.3027
2023-05-31,134.4,137.5,133.8,136,198.8,199,195,195,910.5,929,910.5,929,174.6488,320.7995,27219.6582,401.0663
2023-06-01,137.4,139.2,137,137,197,202,195.1,201,916.5,926,908,910,177.4471,324.8926,26819.9727,404.8769
2023-06-02,138.8,139.7,137.6,139.4,202,203,199,202.8,910,920,910,920,178.2945,327.6474,27249.5898,410.7318
2023-06-02,138.8,139.7,137.6,139.4,202,203,199,202.8,910,920,910,920,178.2945,327.6474,27249.5898,410.7318
2023-06-02,138.8,139.7,137.6,139.4,202,203,199,202.8,910,920,910,920,178.2945,327.6474,27249.5898,410.7318
2023-06-02,138.8,139.7,137.6,139.4,202,203,199,202.8,910,920,910,920,178.2945,327.6474,27249.5898,410.7318
2023-06-02,138.8,139.7,137.6,139.4,202,203,199,202.8,910,920,910,920,178.2945,327.6474,27249.5898,410.7318
2023-06-02,138.8,139.7,137.6,139.4,202,203,199,202.8,910,920,910,920,178.2945,327.6474,27249.5898,410.7318
2023-06-02,138.8,139.7,137.6,139.4,202,203,199,202.8,910,920,910,920,178.2945,327.6474,27249.5898,410.7318
2023-06-02,138.8,139.7,137.6,139.4,202,203,199,202.8,910,920,910,920,178.2945,327.6474,27249.5898,410.7318
2023-06-05,139,139.4,138.1,138.1,203,203,199,199,920,930,915,928,176.9446,328.175,25760.0977,409.9448
2023-06-06,138,138.9,134.8,135.3,200,203,197.1,201,928,928,903,905,176.5801,325.9672,27238.7832,410.8374
2023-06-07,135.3,137.9,135.3,137.4,201,202.2,198.7,202,909,925,906,925,175.2105,315.9053,26345.998,409.4169
2023-06-08,136,137.8,135.3,137.8,201.6,202.4,199.6,201.8,925,928,913.5,924,177.9201,317.7418,26508.2168,411.8932
2023-06-09,137.8,140,136.8,140,201.4,201.6,198,198,917,927.5,910,910,178.3044,319.2364,26480.375,412.6323
2023-06-13,136.1,140,134.8,139.6,198,201,197.5,200,910,928,909,926,180.6199,326.5631,25918.7285,419.1207
2023-06-14,137.6,141.7,137.6,140.5,197.1,200,195.3,197,929,935,910,910,181.2505,329.5426,25124.6758,419.6199
2023-06-15,139.6,141.9,138.2,141.9,196.5,196.9,191.3,194.5,915,922,904.5,922,183.2803,340.0539,25576.3945,424.8222
2023-06-16,141.8,141.8,139.1,140,195.5,202,195.1,202,922,925,905.5,924,182.2063,334.4172,26327.4629,423.3752
2023-06-20,138.7,139.5,136.7,139.5,200,200,197,200,920,920,907.5,915,182.295,330.2361,28327.4883,421.1786
2023-06-21,137.3,141,137.3,141,198,200,197.5,200,915,924,911.5,924,181.2604,325.85,30027.2969,419.0206
2023-06-21,137.3,141,137.3,141,198,200,197.5,200,915,924,911.5,924,181.2604,325.85,30027.2969,419.0206
2023-06-21,137.3,141,137.3,141,198,200,197.5,200,915,924,911.5,924,181.2604,325.85,30027.2969,419.0206
2023-06-21,137.3,141,137.3,141,198,200,197.5,200,915,924,911.5,924,181.2604,325.85,30027.2969,419.0206
2023-06-21,137.3,141,137.3,141,198,200,197.5,200,915,924,911.5,924,181.2604,325.85,30027.2969,419.0206
2023-06-21,137.3,141,137.3,141,198,200,197.5,200,915,924,911.5,924,181.2604,325.85,30027.2969,419.0206
2023-06-21,137.3,141,137.3,141,198,200,197.5,200,915,924,911.5,924,181.2604,325.85,30027.2969,419.0206
2023-06-21,137.3,141,137.3,141,198,200,197.5,200,915,924,911.5,924,181.2604,325.85,30027.2969,419.0206
2023-06-22,139,141.5,139,140.8,200.2,201,198.5,200,924,924,908,910,184.2557,331.8578,29912.2812,420.5331
2023-06-23,140,141.7,140,140,200.8,200.8,198.1,199.7,910,915,908,909.5,183.9404,327.2762,30695.4688,417.3539
2023-06-26,140,141.7,139.1,140,200,207.4,200,206,918.5,933.5,913,929,182.5511,321.0046,30271.1309,415.6487
2023-06-26,140,141.7,139.1,140,200,207.4,200,206,918.5,933.5,913,929,182.5511,321.0046,30271.1309,415.6487
2023-06-26,140,141.7,139.1,140,200,207.4,200,206,918.5,933.5,913,929,182.5511,321.0046,30271.1309,415.6487
2023-06-26,140,141.7,139.1,140,200,207.4,200,206,918.5,933.5,913,929,182.5511,321.0046,30271.1309,415.6487
2023-06-26,140,141.7,139.1,140,200,207.4,200,206,918.5,933.5,913,929,182.5511,321.0046,30271.1309,415.6487
2023-06-26,140,141.7,139.1,140,200,207.4,200,206,918.5,933.5,913,929,182.5511,321.0046,30271.1309,415.6487
2023-06-26,140,141.7,139.1,140,200,207.4,200,206,918.5,933.5,913,929,182.5511,321.0046,30271.1309,415.6487
2023-06-26,140,141.7,139.1,140,200,207.4,200,206,918.5,933.5,913,929,182.5511,321.0046,30271.1309,415.6487
2023-06-27,139.7,140,136.7,137,206.8,210,203,209,929,937.5,915.5,919,185.3002,326.8366,30688.1641,420.2056
2023-06-27,139.7,140,136.7,137,206.8,210,203,209,929,937.5,915.5,919,185.3002,326.8366,30688.1641,420.2056
2023-06-27,139.7,140,136.7,137,206.8,210,203,209,929,937.5,915.5,919,185.3002,326.8366,30688.1641,420.2056
2023-06-27,139.7,140,136.7,137,206.8,210,203,209,929,937.5,915.5,919,185.3002,326.8366,30688.1641,420.2056
2023-06-27,139.7,140,136.7,137,206.8,210,203,209,929,937.5,915.5,919,185.3002,326.8366,30688.1641,420.2056
2023-06-27,139.7,140,136.7,137,206.8,210,203,209,929,937.5,915.5,919,185.3002,326.8366,30688.1641,420.2056
2023-06-27,139.7,140,136.7,137,206.8,210,203,209,929,937.5,915.5,919,185.3002,326.8366,30688.1641,420.2056
2023-06-27,139.7,140,136.7,137,206.8,210,203,209,929,937.5,915.5,919,185.3002,326.8366,30688.1641,420.2056
2023-06-29,138.3,140.8,138,138.9,204,206,200.2,200.2,928,932,914,916,186.8077,327.3055,30445.3516,422.0745
2023-06-30,139.8,139.8,137.4,137.7,200.4,203.8,200.4,203.8,924,929.5,916,925,191.1235,332.6686,30477.252,427.0553
2023-07-03,137.1,140,136.6,140,202,203.8,200.2,200.6,925,934,923,932,189.6356,330.1776,31156.4395,427.5467
2023-07-05,137.5,138.4,135.8,137.6,201.6,203.2,198.5,203,937.5,937.5,918,932,188.5222,330.3338,30514.166,426.9108
2023-07-06,136.5,137.9,136.3,136.9,200.4,203,198.2,198.4,929.5,934,922,932,188.9951,333.3817,29909.3379,423.5678
2023-07-07,136.1,136.6,135.5,135.9,198.1,200.4,196.6,198.4,932,932,910.5,910.5,187.8817,329.4253,30342.2656,422.4984
2023-07-07,136.1,136.6,135.5,135.9,198.1,200.4,196.6,198.4,932,932,910.5,910.5,187.8817,329.4253,30342.2656,422.4984
2023-07-07,136.1,136.6,135.5,135.9,198.1,200.4,196.6,198.4,932,932,910.5,910.5,187.8817,329.4253,30342.2656,422.4984
2023-07-07,136.1,136.6,135.5,135.9,198.1,200.4,196.6,198.4,932,932,910.5,910.5,187.8817,329.4253,30342.2656,422.4984
2023-07-07,136.1,136.6,135.5,135.9,198.1,200.4,196.6,198.4,932,932,910.5,910.5,187.8817,329.4253,30342.2656,422.4984
2023-07-07,136.1,136.6,135.5,135.9,198.1,200.4,196.6,198.4,932,932,910.5,910.5,187.8817,329.4253,30342.2656,422.4984
2023-07-07,136.1,136.6,135.5,135.9,198.1,200.4,196.6,198.4,932,932,910.5,910.5,187.8817,329.4253,30342.2656,422.4984
2023-07-07,136.1,136.6,135.5,135.9,198.1,200.4,196.6,198.4,932,932,910.5,910.5,187.8817,329.4253,30342.2656,422.4984
2023-07-10,135.6,136.9,135.6,135.6,198.4,200.8,198.4,200.4,910.5,919,907,908,185.8421,324.16,30414.4707,423.5678
2023-07-11,135.6,136,135.2,136,201,203,200.2,200.2,910,922.5,910,910.5,185.3199,324.7851,30620.9512,426.2653
2023-07-12,136,142,135.3,142,201,203,201,202.4,923,923,910.5,910.5,186.9851,329.4058,30391.6465,429.695
2023-07-13,142,148,142,148,203.2,206.2,203,205,915.5,933.5,915.5,931,187.7438,334.7396,31476.0488,433.1054
2023-07-14,147.4,147.8,144.6,147.8,205.8,209,201.4,209,932,946.5,932,946.5,187.8916,337.2599,30334.0684,432.8357
2023-07-17,146,147,144.5,144.8,207.8,208.6,204.4,205,946,946,925,925,191.1431,337.7386,30145.8887,434.3386
2023-07-18,144.8,145.9,139.5,139.5,207.6,207.6,205.2,207,926,935,920.5,929,190.887,351.1806,29856.5625,437.566
2023-07-19,140.5,143.2,139.6,141.7,207,208.6,205.4,207.6,927.5,935,921,921,192.2369,346.8725,29913.9238,438.539
2023-07-20,142,146.9,142,146.3,207,209.6,206,206,920.5,945.5,920.5,940,190.2958,338.8523,29792.0156,435.6296
2023-07-21,147,151.3,146.3,148.7,206.2,212,206.2,208.2,940,947,935,940,189.1233,335.824,29908.7441,435.6296
2023-07-24,149.1,150.5,149.1,150,208.6,210,204,204,940,944.5,923,923,189.9214,337.1329,29176.916,437.5757
2023-07-25,150,151.4,147.5,147.5,204,207.8,204,206.4,929.5,934.5,924,924,190.7786,342.8673,29227.3906,438.7703
2023-07-26,148.5,148.8,147.3,148.2,206.4,207,205,207,934,937.5,923,937.5,191.6457,329.9627,29354.9727,438.8377
2023-07-27,148.2,150.1,147.2,148.7,206,213,206,213,929,931.5,922,922,190.3845,323.0756,29210.6895,435.9282
2023-07-28,148.7,149.8,147,147,212,212.8,208,211,922,929.5,918,918,192.9562,330.5487,29319.2461,440.1961
2023-07-31,148,149.5,145.1,145.1,211,217,211,217,920.5,931,912,912,193.567,328.1554,29230.1113,441.0342
2023-08-01,148,148.9,146,146,217,217,210.2,210.2,916,919,913,915,192.7394,328.5657,29675.7324,439.7722
2023-08-02,147,147.9,141.2,144,211,214,205,206,915,916.5,896,904.5,189.7539,319.93,29151.959,433.6546
2023-08-03,142.8,146.6,142.7,146.6,206,210,206,208,904.5,913.5,902,912,188.3645,319.1095,29178.6797,432.4118
2023-08-04,146.6,147.1,145.6,146.3,210.6,210.6,207.4,208.2,909,913,908.5,910,179.3193,320.2036,29074.0918,430.4561
2023-08-07,142.5,144.9,139.6,141,205,208.8,204.4,208,908.5,916.5,901.5,901.5,176.2254,322.4797,29180.5781,434.2134
2023-08-08,143,143.4,140.1,141,206.2,211.4,206,208.8,903,907,889,895,177.1614,318.5135,29765.4922,432.3251
2023-08-09,141.7,142.7,141.1,142.4,210,214.2,207,214.2,895.5,906.5,888.5,900,175.575,314.7818,29561.4941,429.4349
2023-08-10,141,142.5,140.4,142.5,213,213,208,208,900,900,884,887,175.3583,315.4657,29429.5918,429.5891
2023-08-11,142.5,143.9,140.6,143.5,208,208.2,204.2,204.2,886.5,896,877,882.5,175.4174,313.5901,29397.7148,429.3386
2023-08-11,142.5,143.9,140.6,143.5,208,208.2,204.2,204.2,886.5,896,877,882.5,175.4174,313.5901,29397.7148,429.3386
2023-08-11,142.5,143.9,140.6,143.5,208,208.2,204.2,204.2,886.5,896,877,882.5,175.4174,313.5901,29397.7148,429.3386
2023-08-11,142.5,143.9,140.6,143.5,208,208.2,204.2,204.2,886.5,896,877,882.5,175.4174,313.5901,29397.7148,429.3386
2023-08-11,142.5,143.9,140.6,143.5,208,208.2,204.2,204.2,886.5,896,877,882.5,175.4174,313.5901,29397.7148,429.3386
2023-08-11,142.5,143.9,140.6,143.5,208,208.2,204.2,204.2,886.5,896,877,882.5,175.4174,313.5901,29397.7148,429.3386
2023-08-11,142.5,143.9,140.6,143.5,208,208.2,204.2,204.2,886.5,896,877,882.5,175.4174,313.5901,29397.7148,429.3386
2023-08-11,142.5,143.9,140.6,143.5,208,208.2,204.2,204.2,886.5,896,877,882.5,175.4174,313.5901,29397.7148,429.3386
2023-08-14,143,143.1,141.1,141.8,204.2,206.2,200.2,201,882.5,883.5,862,867,177.0652,316.55,29408.4434,431.7085
2023-08-15,142.2,143.4,140,142,201,205.8,201,205.8,870,884.5,857,860,175.082,314.4203,29170.3477,426.6796
2023-08-16,140.4,143,140.2,143,205.6,216,203.2,212,865,886,860,886,174.2138,313.6568,28701.7793,423.5486
2023-08-17,141.1,142.8,140.5,142,209.4,215.8,209.4,215.8,886,889.5,860.5,860.5,171.6781,310.2108,26664.5508,420.3212
2023-08-18,141,141.4,138.2,138.2,211,215,211,213.8,860,869,857.5,860,172.1615,309.8193,26049.5566,420.5234
2023-08-22,137,139,136.6,139,212,213,205.8,205.8,856,856.5,828.5,829.5,174.8649,315.6734,26031.6562,422.113
2023-08-23,139,139,137.3,138,206,207.2,204.2,205,832,834,821.5,829,178.703,320.118,26431.6406,426.8145
2023-08-24,139,143.3,138.1,142.8,205,207.8,205,205,838,842,830.5,835,174.0263,313.2358,26162.373,420.8992
2023-08-25,142,142.5,139.6,140.5,205,205.4,204.2,204.8,839,839,821.5,825,176.2265,316.1825,26047.668,423.8664
2023-08-29,139.5,141.6,137.8,141.6,207,213.6,205.4,213.6,821,825,802.5,812.5,181.663,321.4983,27727.3926,432.7201
2023-08-30,140.5,143.5,140.5,143,211.2,215.6,210.4,212.8,821.5,847.5,813,844,185.1459,321.8702,27297.2656,434.5024
2023-08-31,143,143,138.1,139.3,212.8,213.4,207.2,207.2,839,852,832,833,185.3629,320.8619,25931.4727,433.8665
2023-09-01,139.3,142.9,139,140.1,209.8,210,206,206,841,846,815,820,186.9317,321.743,25800.7246,434.6758
2023-09-05,138.9,140.1,138,138.6,206.2,209,204.2,205,824,844,822.5,840,187.1685,326.5301,25779.9824,432.7972
2023-09-06,138.6,138.9,137.6,137.7,205.2,207,204.6,205.4,843,856,834.5,856,180.4691,325.8741,25753.2363,429.8878
2023-09-06,138.6,138.9,137.6,137.7,205.2,207,204.6,205.4,843,856,834.5,856,180.4691,325.8741,25753.2363,429.8878
2023-09-06,138.6,138.9,137.6,137.7,205.2,207,204.6,205.4,843,856,834.5,856,180.4691,325.8741,25753.2363,429.8878
2023-09-06,138.6,138.9,137.6,137.7,205.2,207,204.6,205.4,843,856,834.5,856,180.4691,325.8741,25753.2363,429.8878
2023-09-06,138.6,138.9,137.6,137.7,205.2,207,204.6,205.4,843,856,834.5,856,180.4691,325.8741,25753.2363,429.8878
2023-09-06,138.6,138.9,137.6,137.7,205.2,207,204.6,205.4,843,856,834.5,856,180.4691,325.8741,25753.2363,429.8878
2023-09-06,138.6,138.9,137.6,137.7,205.2,207,204.6,205.4,843,856,834.5,856,180.4691,325.8741,25753.2363,429.8878
2023-09-06,138.6,138.9,137.6,137.7,205.2,207,204.6,205.4,843,856,834.5,856,180.4691,325.8741,25753.2363,429.8878
2023-09-07,137.7,137.8,133.7,134.2,205.4,207,205,206.6,850,850,821.5,824,175.1906,322.9666,26240.1953,428.5679
2023-09-07,137.7,137.8,133.7,134.2,205.4,207,205,206.6,850,850,821.5,824,175.1906,322.9666,26240.1953,428.5679
2023-09-07,137.7,137.8,133.7,134.2,205.4,207,205,206.6,850,850,821.5,824,175.1906,322.9666,26240.1953,428.5679
2023-09-07,137.7,137.8,133.7,134.2,205.4,207,205,206.6,850,850,821.5,824,175.1906,322.9666,26240.1953,428.5679
2023-09-07,137.7,137.8,133.7,134.2,205.4,207,205,206.6,850,850,821.5,824,175.1906,322.9666,26240.1953,428.5679
2023-09-07,137.7,137.8,133.7,134.2,205.4,207,205,206.6,850,850,821.5,824,175.1906,322.9666,26240.1953,428.5679
2023-09-07,137.7,137.8,133.7,134.2,205.4,207,205,206.6,850,850,821.5,824,175.1906,322.9666,26240.1953,428.5679
2023-09-07,137.7,137.8,133.7,134.2,205.4,207,205,206.6,850,850,821.5,824,175.1906,322.9666,26240.1953,428.5679
2023-09-08,134,134.4,131.2,131.2,205.2,209.4,205,209.4,825,828.5,822.5,824,175.8022,327.2349,25905.6543,429.2133
2023-09-11,131.5,132.6,130.7,131.5,209.6,211,207.6,211,824.5,826,822,825,176.9665,330.8277,25162.6543,432.0362
2023-09-12,132,134.2,132,132.6,210,212.8,209,209,825,825,818,820,173.9473,324.7874,25833.3438,429.6661
2023-09-13,132.7,133.4,129.8,130,209,209,205.4,207,821,821,801,801,171.8852,328.9872,26228.3242,430.1671
2023-09-14,129.8,130.8,128.5,129.6,206.2,212,206.2,210,809.5,812,801,812,173.3948,331.5717,26539.6738,433.8762
2023-09-15,129.8,131.7,129,129,210,212,205,205,812,819,803,803,172.6746,323.2701,26608.6934,428.6487
2023-09-18,129.5,130.2,127.7,129.5,208,209,205.2,209,808,810,800,810,175.5951,322.1345,26754.2812,428.9001
2023-09-19,129.6,129.9,127.7,129.8,209,209,205,206,810,810,800,801,176.6804,321.7332,27211.1172,428.0107
2023-09-20,128.5,129.2,127.6,127.8,206,206,204,204,805,807.5,789.5,789.5,173.1481,314.019,27132.0078,424.0758
2023-09-21,128.1,131.5,128.1,131,205,206,202.2,202.8,798,798,786,793.5,171.609,312.8051,26567.6328,417.0665
2023-09-22,132,132,130.5,131,202.2,204.6,201.2,203.8,796.5,807.5,795,804,172.4575,310.3382,26579.5684,416.1287
2023-09-25,132,133.3,131,133,205,205,202,204,806,834.5,804,827.5,173.7303,310.857,26298.4805,417.8786
2023-09-26,133.9,136.5,132.8,135.8,204,205.8,203.2,203.2,828,838,815,838,169.6653,305.5707,26217.25,411.7394
2023-09-27,135.7,141.5,134.5,141.5,204,208.6,203.2,208.6,833,852,828,850,168.1557,306.207,26352.7168,411.9038
2023-09-28,140.1,142.3,139.2,141.4,208.6,209.2,204.4,208,850,853,841,846.5,168.4122,307.0391,27021.5469,414.2917
2023-09-29,141.4,142.3,140.7,141.9,208.6,209.4,207,207.2,849,850,841,843.5,168.9253,309.1047,26911.7207,413.2863
2023-10-02,141.9,142.7,141.1,141.4,207.8,209.8,207,207,844,848,840,841,171.4314,315.0274,27530.7852,413.1219
2023-10-02,141.9,142.7,141.1,141.4,207.8,209.8,207,207,844,848,840,841,171.4314,315.0274,27530.7852,413.1219
2023-10-02,141.9,142.7,141.1,141.4,207.8,209.8,207,207,844,848,840,841,171.4314,315.0274,27530.7852,413.1219
2023-10-02,141.9,142.7,141.1,141.4,207.8,209.8,207,207,844,848,840,841,171.4314,315.0274,27530.7852,413.1219
2023-10-02,141.9,142.7,141.1,141.4,207.8,209.8,207,207,844,848,840,841,171.4314,315.0274,27530.7852,413.1219
2023-10-02,141.9,142.7,141.1,141.4,207.8,209.8,207,207,844,848,840,841,171.4314,315.0274,27530.7852,413.1219
2023-10-02,141.9,142.7,141.1,141.4,207.8,209.8,207,207,844,848,840,841,171.4314,315.0274,27530.7852,413.1219
2023-10-02,141.9,142.7,141.1,141.4,207.8,209.8,207,207,844,848,840,841,171.4314,315.0274,27530.7852,413.1219
2023-10-03,140.1,141,138.4,141,208.6,208.8,205.6,208.6,841.5,844,821,827,170.0994,306.7944,27429.9785,407.5918
2023-10-04,140.2,140.2,138.6,140,208.6,208.6,205.8,206.8,825,832.5,822,826.5,171.3426,312.2471,27799.3945,410.56
2023-10-05,138.6,139.8,138.2,138.7,206.8,208.6,203,203,827.5,831.5,806,814,172.5759,312.6386,27415.9121,410.4053
2023-10-06,138.3,140.6,137,139.7,206.8,207,203,203.4,810.5,838,808.5,833,175.1215,320.3725,27946.5977,415.2779
2023-10-09,138.8,139.6,138.4,139.2,203.4,205.4,202.4,203.4,830,838.5,824,830,176.6015,322.8786,27583.6777,417.9366
2023-10-10,139.2,139.8,138.7,139.3,205,206.6,203.6,205,830,844,821,821,176.0095,321.4786,27391.0195,420.1119
2023-10-11,139.3,139.9,136,136,205,206.6,201.2,202,831,844,823,828,177.4007,325.4239,26873.3203,421.8328
2023-10-11,139.3,139.9,136,136,205,206.6,201.2,202,831,844,823,828,177.4007,325.4239,26873.3203,421.8328
2023-10-11,139.3,139.9,136,136,205,206.6,201.2,202,831,844,823,828,177.4007,325.4239,26873.3203,421.8328
2023-10-11,139.3,139.9,136,136,205,206.6,201.2,202,831,844,823,828,177.4007,325.4239,26873.3203,421.8328
2023-10-11,139.3,139.9,136,136,205,206.6,201.2,202,831,844,823,828,177.4007,325.4239,26873.3203,421.8328
2023-10-11,139.3,139.9,136,136,205,206.6,201.2,202,831,844,823,828,177.4007,325.4239,26873.3203,421.8328
2023-10-11,139.3,139.9,136,136,205,206.6,201.2,202,831,844,823,828,177.4007,325.4239,26873.3203,421.8328
2023-10-11,139.3,139.9,136,136,205,206.6,201.2,202,831,844,823,828,177.4007,325.4239,26873.3203,421.8328
2023-10-11,139.3,139.9,136,136,205,206.6,201.2,202,831,844,823,828,177.4007,325.4239,26873.3203,421.8328
2023-10-11,139.3,139.9,136,136,205,206.6,201.2,202,831,844,823,828,177.4007,325.4239,26873.3203,421.8328
2023-10-11,139.3,139.9,136,136,205,206.6,201.2,202,831,844,823,828,177.4007,325.4239,26873.3203,421.8328
2023-10-11,139.3,139.9,136,136,205,206.6,201.2,202,831,844,823,828,177.4007,325.4239,26873.3203,421.8328
2023-10-11,139.3,139.9,136,136,205,206.6,201.2,202,831,844,823,828,177.4007,325.4239,26873.3203,421.8328
2023-10-11,139.3,139.9,136,136,205,206.6,201.2,202,831,844,823,828,177.4007,325.4239,26873.3203,421.8328
2023-10-11,139.3,139.9,136,136,205,206.6,201.2,202,831,844,823,828,177.4007,325.4239,26873.3203,421.8328
2023-10-11,139.3,139.9,136,136,205,206.6,201.2,202,831,844,823,828,177.4007,325.4239,26873.3203,421.8328
2023-10-11,139.3,139.9,136,136,205,206.6,201.2,202,831,844,823,828,177.4007,325.4239,26873.3203,421.8328
2023-10-11,139.3,139.9,136,136,205,206.6,201.2,202,831,844,823,828,177.4007,325.4239,26873.3203,421.8328
2023-10-11,139.3,139.9,136,136,205,206.6,201.2,202,831,844,823,828,177.4007,325.4239,26873.3203,421.8328
2023-10-11,139.3,139.9,136,136,205,206.6,201.2,202,831,844,823,828,177.4007,325.4239,26873.3203,421.8328
2023-10-11,139.3,139.9,136,136,205,206.6,201.2,202,831,844,823,828,177.4007,325.4239,26873.3203,421.8328
2023-10-11,139.3,139.9,136,136,205,206.6,201.2,202,831,844,823,828,177.4007,325.4239,26873.3203,421.8328
2023-10-11,139.3,139.9,136,136,205,206.6,201.2,202,831,844,823,828,177.4007,325.4239,26873.3203,421.8328
2023-10-11,139.3,139.9,136,136,205,206.6,201.2,202,831,844,823,828,177.4007,325.4239,26873.3203,421.8328
2023-10-11,139.3,139.9,136,136,205,206.6,201.2,202,831,844,823,828,177.4007,325.4239,26873.3203,421.8328
2023-10-11,139.3,139.9,136,136,205,206.6,201.2,202,831,844,823,828,177.4007,325.4239,26873.3203,421.8328
2023-10-11,139.3,139.9,136,136,205,206.6,201.2,202,831,844,823,828,177.4007,325.4239,26873.3203,421.8328
2023-10-12,136.8,137,134.1,135.5,202,209,202,203.2,829,835,823.5,830,178.2985,324.1904,26756.7988,419.2611
2023-10-13,136,137.4,136,136.6,203.6,210.8,203,209,830.5,831,821.5,825,176.4633,320.8326,26862.375,417.1728
2023-10-16,136.1,136.1,134.4,135.2,209,210,206,209,822,828.5,802,802,176.3351,325.6392,28519.4668,421.5621
2023-10-17,134,135.9,133.6,135.3,209.4,215.6,209.4,215,808,817.5,807,817,174.786,325.0714,28415.748,421.5427
2023-10-18,136,136,134.4,134.4,215,216.4,213.4,214.2,813,821.5,810,812.5,173.4935,323.1624,28328.3418,415.9257
2023-10-19,134.5,134.9,131,131.3,213.4,213.4,210,210,815,824,808,820,173.1185,324.347,28719.8066,412.2711
2023-10-20,131.1,131.2,129.4,129.4,213.4,213.4,207.2,207.2,819.5,819.5,815,817,170.573,319.7949,29682.9492,407.2052
2023-10-23,129,129.4,126.4,126.4,206,206,202.6,205,817,824,808,811,170.6914,322.3891,33086.2344,406.4994
2023-10-23,129,129.4,126.4,126.4,206,206,202.6,205,817,824,808,811,170.6914,322.3891,33086.2344,406.4994
2023-10-23,129,129.4,126.4,126.4,206,206,202.6,205,817,824,808,811,170.6914,322.3891,33086.2344,406.4994
2023-10-23,129,129.4,126.4,126.4,206,206,202.6,205,817,824,808,811,170.6914,322.3891,33086.2344,406.4994
2023-10-23,129,129.4,126.4,126.4,206,206,202.6,205,817,824,808,811,170.6914,322.3891,33086.2344,406.4994
2023-10-23,129,129.4,126.4,126.4,206,206,202.6,205,817,824,808,811,170.6914,322.3891,33086.2344,406.4994
2023-10-23,129,129.4,126.4,126.4,206,206,202.6,205,817,824,808,811,170.6914,322.3891,33086.2344,406.4994
2023-10-23,129,129.4,126.4,126.4,206,206,202.6,205,817,824,808,811,170.6914,322.3891,33086.2344,406.4994
2023-10-24,127,128.8,126.5,127.4,208,208.6,202,202,811,823.5,810,811,171.1255,323.5736,33901.5273,409.5642
2023-10-25,127.4,129.4,126.2,129,201.8,202.2,200.2,201,811,817.5,808.5,817.5,168.8167,333.5002,34502.8203,403.686
2023-10-26,128.9,129.8,127,129,201,201.2,197,201,817,817,803.5,814,164.6629,320.9892,34156.6484,398.852
2023-10-27,128.5,128.9,126.2,128.5,201,201,199.2,199.5,811,815,803,805.5,165.9752,322.8688,33909.8008,397.0441
2023-10-31,128.9,131,127.5,127.5,201,205.8,198.1,201.2,810,818.5,801,801,168.4911,330.9941,34667.7812,404.3144
2023-11-03,133.8,134,128,128,204,209.6,201.4,205,812,815.5,804,805,174.2926,345.3749,34732.3242,420.2569
2023-11-06,129,131,129,130,205.2,209,203,209,805,833.5,805,833.5,176.8383,349.0264,35037.3711,421.2238
2023-11-07,130.8,133.9,129.8,133.2,209,210,206,210,832,832,822,829,179.3937,352.9422,35443.5625,422.4225
2023-11-07,130.8,133.9,129.8,133.2,209,210,206,210,832,832,822,829,179.3937,352.9422,35443.5625,422.4225
2023-11-07,130.8,133.9,129.8,133.2,209,210,206,210,832,832,822,829,179.3937,352.9422,35443.5625,422.4225
2023-11-07,130.8,133.9,129.8,133.2,209,210,206,210,832,832,822,829,179.3937,352.9422,35443.5625,422.4225
2023-11-07,130.8,133.9,129.8,133.2,209,210,206,210,832,832,822,829,179.3937,352.9422,35443.5625,422.4225
2023-11-07,130.8,133.9,129.8,133.2,209,210,206,210,832,832,822,829,179.3937,352.9422,35443.5625,422.4225
2023-11-07,130.8,133.9,129.8,133.2,209,210,206,210,832,832,822,829,179.3937,352.9422,35443.5625,422.4225
2023-11-07,130.8,133.9,129.8,133.2,209,210,206,210,832,832,822,829,179.3937,352.9422,35443.5625,422.4225
2023-11-08,132.2,134.5,132,134.5,210,210,208.2,209.4,829,829,814,819,180.4494,355.5562,35655.2773,422.7319
2023-11-09,134.9,135.7,134,135,207.8,210,207,207,816,828.5,816,817,179.9758,353.0988,36693.125,419.4351
2023-11-10,134.7,135.5,132.3,133.8,207.2,208.6,206.2,208.6,824,824,807,821,184.1548,361.8899,37313.9688,425.9803
2023-11-13,133.8,133.8,132.7,132.8,208.4,209,203.8,205,820,825,815,819,182.5741,358.9627,36502.3555,425.5743
2023-11-13,133.8,133.8,132.7,132.8,208.4,209,203.8,205,820,825,815,819,182.5741,358.9627,36502.3555,425.5743
2023-11-13,133.8,133.8,132.7,132.8,208.4,209,203.8,205,820,825,815,819,182.5741,358.9627,36502.3555,425.5743
2023-11-13,133.8,133.8,132.7,132.8,208.4,209,203.8,205,820,825,815,819,182.5741,358.9627,36502.3555,425.5743
2023-11-13,133.8,133.8,132.7,132.8,208.4,209,203.8,205,820,825,815,819,182.5741,358.9627,36502.3555,425.5743
2023-11-13,133.8,133.8,132.7,132.8,208.4,209,203.8,205,820,825,815,819,182.5741,358.9627,36502.3555,425.5743
2023-11-13,133.8,133.8,132.7,132.8,208.4,209,203.8,205,820,825,815,819,182.5741,358.9627,36502.3555,425.5743
2023-11-13,133.8,133.8,132.7,132.8,208.4,209,203.8,205,820,825,815,819,182.5741,358.9627,36502.3555,425.5743
2023-11-14,132.5,133.1,129.5,129.5,206,208.2,202.4,203.4,819,825,815,825,185.1824,362.4772,35537.6406,433.8307
2023-11-14,132.5,133.1,129.5,129.5,206,208.2,202.4,203.4,819,825,815,825,185.1824,362.4772,35537.6406,433.8307
2023-11-14,132.5,133.1,129.5,129.5,206,208.2,202.4,203.4,819,825,815,825,185.1824,362.4772,35537.6406,433.8307
2023-11-14,132.5,133.1,129.5,129.5,206,208.2,202.4,203.4,819,825,815,825,185.1824,362.4772,35537.6406,433.8307
2023-11-14,132.5,133.1,129.5,129.5,206,208.2,202.4,203.4,819,825,815,825,185.1824,362.4772,35537.6406,433.8307
2023-11-14,132.5,133.1,129.5,129.5,206,208.2,202.4,203.4,819,825,815,825,185.1824,362.4772,35537.6406,433.8307
2023-11-14,132.5,133.1,129.5,129.5,206,208.2,202.4,203.4,819,825,815,825,185.1824,362.4772,35537.6406,433.8307
2023-11-14,132.5,133.1,129.5,129.5,206,208.2,202.4,203.4,819,825,815,825,185.1824,362.4772,35537.6406,433.8307
2023-11-15,129.7,131,129.3,130.5,203.4,208.8,203.4,208.8,825,843,820,839,185.7455,362.6244,37880.582,434.7492
2023-11-16,129.9,131.7,129.3,129.4,206.4,210.8,206.2,209.8,840,845,835.5,841.5,187.425,369.0005,36154.7695,435.2809
2023-11-17,129.6,131.6,129.2,130.2,210,212,209,211,843,861,841,855,187.4052,362.801,36596.6836,435.8223
2023-11-20,129.2,130.5,129.1,129.4,212,212.4,209,212,854,854,829,829,189.144,370.2463,37476.957,439.1772
2023-11-21,129.5,131.9,129.5,131.9,212,214.8,211.6,214.8,835,840,825,827,188.3438,365.9596,35813.8125,438.22
2023-11-22,131.7,132.4,131.2,131.5,215,218.6,215,218.4,831.5,832.5,827,830,189.0057,370.6485,37432.3398,439.9119
2023-11-24,131.5,132.7,131.5,132.1,216.8,219,215,218.4,830,834.5,825.5,834,187.6819,370.2365,37720.2812,440.1826
2023-11-28,131.2,131.9,130,131.5,217,221,217,220,835.5,847.5,835.5,845,188.1067,375.4061,37831.0859,439.8249
2023-11-29,132,134.5,131.6,134,220,222.4,219.8,221.6,844,855,839,843,187.0891,371.6294,37858.4922,439.5155
2023-11-30,133.1,134,131.2,131.4,223.2,224.2,218.2,220,839,843,826.5,832,187.6621,371.6883,37712.7461,441.246
2023-12-01,133,133,130.6,131,215.8,219.8,215.8,219.8,825,832.5,824,825,188.9366,367.3721,38688.75,443.8564
2023-12-04,130.1,131.6,129.8,131.5,219,222,219,220,830,832,821,825,187.1483,362.1045,41980.0977,441.5264
2023-12-05,131.5,131.7,130,131.7,220,228.8,218.6,228.8,832.5,834.5,821,823.5,191.0903,365.42,44080.6484,441.4395
2023-12-06,130.7,131.5,129.6,129.7,228.2,235,226,235,823.5,828.5,821,828,190.0035,361.7709,43746.4453,439.6605
2023-12-07,130.6,130.6,126.7,126.9,233.8,234,228,229,829.5,830.5,823.5,826,191.93,363.88,43292.6641,443.0153
2023-12-11,123,125,122,123.4,228,229.8,225,229,822,840,820,835,190.8532,364.2232,41243.832,446.6505
2023-12-12,124.7,125.5,124.2,125,230,232,227.4,232,835,839,826,839,192.3647,367.2446,41450.2227,448.6904
2023-12-13,125.2,127.1,124.8,126.7,227.4,236.4,227.4,234.4,838,849.5,830.5,832,195.5756,367.2348,42890.7422,454.8779
2023-12-14,126.7,131.2,126.7,130.4,234.2,235,229.2,229.2,836.5,877,836.5,875,195.7238,358.9557,43023.9727,456.3378
2023-12-15,130.6,131.2,129.7,129.9,229.2,237,229.2,237,870,912,870,906,195.1903,363.6642,41929.7578,455.5864
2023-12-18,130,130.6,126.9,126.9,238,248.6,237.4,244,903,919,886.5,912.5,193.5306,365.5476,42623.5391,458.1491
2023-12-19,126.9,131,125.2,131,244.2,246.8,240.4,246,910,910,895,903.5,194.5679,366.146,42270.5273,460.9351
2023-12-20,129,130.9,128.5,129,246,246.2,239.6,243.2,909,917,903.5,904.5,192.4833,363.5563,43652.25,454.5478
2023-12-21,129,130,128.5,129.6,240,245,236.2,238,900,903,891.5,900.5,192.3351,366.4206,43869.1523,458.8578
2023-12-22,130,130.7,129.2,130,240.2,245,239.8,240,902.5,915,901,904.5,191.2681,367.4408,43997.9023,459.7799
2023-12-27,130,130.8,128.5,128.6,240.4,247,239,239,899,903,886.5,889,190.8235,366.9406,43442.8555,462.5562
2023-12-28,130.5,130.5,128.6,129.1,239.2,243.8,238.6,242.2,891,899,887,894,191.2484,368.1275,42627.8555,462.7309
2023-12-29,129.1,130.5,129.1,130.5,242,246.8,239,246.8,893,894,872,872,190.211,368.873,42099.4023,461.3913
2024-01-02,129.6,129.9,126.7,127.8,241.2,256,240,256,888,896,879.5,882,183.404,363.8015,44957.9688,458.8092
2024-01-03,127.8,128.5,125.9,126.2,253.6,253.6,247,249.8,882,882,873.5,879,182.0307,363.5367,42848.1758,455.0623
2024-01-04,127.5,131.3,125.7,130.6,250,255.4,247.2,255.4,878,893,878,880,179.7189,360.9273,44179.9219,453.5964
2024-01-05,130.6,133.1,129,133.1,252.8,255,251,252,889.5,899,886.5,896,178.9977,360.741,44162.6914,454.2177
2024-01-08,134,136.4,132.3,132.3,252,253,249,249,890,904.5,889.5,890,183.325,367.5487,46970.5039,460.7021
2024-01-09,134.3,136,133.3,133.6,249,251.6,246.4,246.4,897,904,895,900,182.91,368.6277,46139.7305,460.0032
2024-01-10,133.6,135.3,133.5,135.1,246.4,249,241,241,885,896,884,884,183.9474,375.4747,46627.7773,462.6048
2024-01-11,137,139.8,136.2,139.8,237,243.6,236,238.4,884,897.5,884,890,183.3546,377.2992,46368.5859,462.4009
2024-01-12,139,140.3,138,139,238.6,245.8,238.6,245.8,897,907.5,891,902,183.6806,381.0661,42853.168,462.7212
2024-01-16,139,140,138.5,139.3,251.2,254.8,245,248.4,905,905,890,890,181.4182,382.8318,43154.9453,461.0224
2024-01-17,139.4,140.7,138.6,139.2,249,252.2,247.2,248,890,890,869.5,875,180.4796,382.047,42742.6523,458.4598
2024-01-18,136,137.4,135.4,135.8,250,251.8,245.2,247.8,872,877,868,873,186.358,386.3632,41262.0586,462.5367
2024-01-19,136,137.6,135.9,136.8,246.2,246.2,236.4,239.2,880,881.5,868.5,870,189.2527,391.0717,41618.4062,468.3028
2024-01-22,137.1,140.6,137.1,140.6,239.6,242.8,239,241,884,885,872.5,883,191.5546,388.9528,39507.3672,469.2929
2024-01-23,142,142.5,140.6,142,241.8,243.4,239.4,243.4,884,893,884,890,192.8291,391.2973,39845.5508,470.6616
2024-01-24,141.8,144.8,141.1,144.8,242,246,241,246,897,902,881.5,900,192.1573,394.8875,40077.0742,471.1762
2024-01-25,145,145,142,143.9,243,248,241,241,899,908.5,889.5,904,191.8313,397.1535,39933.8086,473.7389
2024-01-26,143.9,144.8,143.2,144.8,240,240.8,235,236,904,925,891.5,925,190.1024,396.2314,41816.8711,473.137
2024-01-29,144.5,145.6,144.4,144.9,236,239,235.8,236,924,927.5,910,922,189.4206,401.911,43288.2461,476.884
2024-01-30,144.4,144.6,142.2,143.4,236.2,240.8,234.2,239.4,925,928,918,923,185.7751,400.8026,42952.6094,476.5151
2024-01-31,143.4,146.4,142.6,145,240.8,244.8,240.4,243,923.5,935,900,900,182.1789,390.0024,42582.6055,468.7397
2024-02-01,143.7,144.9,143,144,240,246.4,240,243,900,910,888,893,184.6093,396.0843,43075.7734,474.8745
2024-02-02,145.3,149.5,145.2,148.5,248.6,250.6,246,248,904,926,899.5,914,183.6115,403.3824,43185.8594,479.8738
2024-02-05,148.1,149.5,148,148.6,250,257.8,250,255.8,907,918,900,900,185.4194,397.9186,42658.668,478.1264
2024-02-06,148.4,148.8,143.2,148,256.2,260.8,253.4,259.8,910,912.5,891,906,187.02,397.7617,43084.6719,479.5146
2024-02-07,148,150.3,146.9,150,261.4,272.4,261.4,270,912,932.5,907.5,910,187.1286,406.1586,44318.2227,483.514
2024-02-08,150.5,154.8,149.6,153.6,270,280,268,271,916,937,915,915,186.0518,406.2174,45301.5664,483.7275
2024-02-12,149.6,152.3,149.3,150.8,273,278.6,271,274,920,925.5,898.5,900,185.1317,407.3454,49958.2227,486.3096
2024-02-13,150.8,152.9,150.8,152.4,274.8,275.8,270.2,272,905.5,915,903,903,183.0445,398.5758,49742.4414,479.6116
2024-02-14,151.8,153.1,150.7,152.6,272,272,261.4,270,900,917,900,915,182.1641,402.4282,51826.6953,483.9702
2024-02-15,154.5,155.2,152.6,154.3,270,281.4,270,273,915,922,910,916,181.8772,399.5488,51938.5547,487.3095
2024-02-16,151,154.9,150,154.3,275,280,274,280,919,919,905,905,180.3439,397.0919,52160.2031,484.8827
2024-02-20,152.2,155,152.2,155,285,293,280.6,290,901.5,911,901.5,908,179.602,395.8438,52284.875,482.2132
2024-02-21,154.8,157,153.7,157,287.4,288.8,279,280,903,916,903,916,180.3539,395.2443,51839.1797,482.6501
2024-02-22,156.8,156.8,154.9,155,281,285,276.2,276.2,916,922,909,915.5,182.3817,404.551,51304.9727,492.6387
2024-02-23,155,156,153.6,153.6,279.6,286,279,279,915.5,930,908,908,180.5517,403.2636,50731.9492,492.9784
2024-02-26,153.6,153.6,148.9,149.5,280.2,285.8,278,278,910,919.5,904,916.5,179.2064,400.5119,54522.4023,491.1729
2024-02-27,150,150,143.8,143.8,275.2,288,275.2,288,916.5,926.5,910.5,921,180.6605,400.4529,57085.3711,492.0854
2024-02-28,145,149.2,143.2,148,284.6,286.8,281.4,285,921,921,908,913,179.4635,400.6887,62504.7891,491.435
2024-02-29,149,155.4,149,153,283,291.4,283,289,919,940,914.5,940,178.8008,406.5067,61198.3828,493.2017
2024-03-01,153,155.1,151.3,154,288.8,302,283.2,283.2,934,948,926.5,937,177.7225,408.3346,62440.6328,497.832
2024-03-01,153,155.1,151.3,154,288.8,302,283.2,283.2,934,948,926.5,937,177.7225,408.3346,62440.6328,497.832
2024-03-01,153,155.1,151.3,154,288.8,302,283.2,283.2,934,948,926.5,937,177.7225,408.3346,62440.6328,497.832
2024-03-01,153,155.1,151.3,154,288.8,302,283.2,283.2,934,948,926.5,937,177.7225,408.3346,62440.6328,497.832
2024-03-01,153,155.1,151.3,154,288.8,302,283.2,283.2,934,948,926.5,937,177.7225,408.3346,62440.6328,497.832
2024-03-01,153,155.1,151.3,154,288.8,302,283.2,283.2,934,948,926.5,937,177.7225,408.3346,62440.6328,497.832
2024-03-01,153,155.1,151.3,154,288.8,302,283.2,283.2,934,948,926.5,937,177.7225,408.3346,62440.6328,497.832
2024-03-01,153,155.1,151.3,154,288.8,302,283.2,283.2,934,948,926.5,937,177.7225,408.3346,62440.6328,497.832
2024-03-04,151.5,153.7,150.3,152,286,305.4,286,300,937,968,934.5,935,173.2117,407.7646,68330.4141,497.2981
2024-03-04,151.5,153.7,150.3,152,286,305.4,286,300,937,968,934.5,935,173.2117,407.7646,68330.4141,497.2981
2024-03-04,151.5,153.7,150.3,152,286,305.4,286,300,937,968,934.5,935,173.2117,407.7646,68330.4141,497.2981
2024-03-04,151.5,153.7,150.3,152,286,305.4,286,300,937,968,934.5,935,173.2117,407.7646,68330.4141,497.2981
2024-03-04,151.5,153.7,150.3,152,286,305.4,286,300,937,968,934.5,935,173.2117,407.7646,68330.4141,497.2981
2024-03-04,151.5,153.7,150.3,152,286,305.4,286,300,937,968,934.5,935,173.2117,407.7646,68330.4141,497.2981
2024-03-04,151.5,153.7,150.3,152,286,305.4,286,300,937,968,934.5,935,173.2117,407.7646,68330.4141,497.2981
2024-03-04,151.5,153.7,150.3,152,286,305.4,286,300,937,968,934.5,935,173.2117,407.7646,68330.4141,497.2981
2024-03-05,152,153,150.4,151.5,300,303,295.4,295.4,947,963,936,963,168.2854,395.7062,63801.1992,492.328
2024-03-06,150.1,152.9,149.3,152.5,294.8,294.8,288.4,292,952,963,945,953,167.2962,395.1559,66106.8047,494.8228
2024-03-07,151,153.1,149.5,153,292,300,288.6,300,952,960.5,952,960.5,167.1775,402.0843,66925.4844,499.7346
2024-03-07,151,153.1,149.5,153,292,300,288.6,300,952,960.5,952,960.5,167.1775,402.0843,66925.4844,499.7346
2024-03-07,151,153.1,149.5,153,292,300,288.6,300,952,960.5,952,960.5,167.1775,402.0843,66925.4844,499.7346
2024-03-07,151,153.1,149.5,153,292,300,288.6,300,952,960.5,952,960.5,167.1775,402.0843,66925.4844,499.7346
2024-03-07,151,153.1,149.5,153,292,300,288.6,300,952,960.5,952,960.5,167.1775,402.0843,66925.4844,499.7346
2024-03-07,151,153.1,149.5,153,292,300,288.6,300,952,960.5,952,960.5,167.1775,402.0843,66925.4844,499.7346
2024-03-07,151,153.1,149.5,153,292,300,288.6,300,952,960.5,952,960.5,167.1775,402.0843,66925.4844,499.7346
2024-03-07,151,153.1,149.5,153,292,300,288.6,300,952,960.5,952,960.5,167.1775,402.0843,66925.4844,499.7346
2024-03-08,151.5,157.8,151.5,157,300,309.8,295.2,309.8,960,979.5,946,979.5,168.8888,399.2147,68300.0938,496.7351
2024-03-11,157,157.3,153.9,155.3,309,309,300.8,301.6,979,983.5,960,983.5,170.887,397.544,72123.9062,496.308
2024-03-12,153.5,154.9,150.5,150.5,302.2,311.4,302.2,309,983.5,995.5,983,983,171.3619,408.1184,71481.2891,501.6469
2024-03-13,151.5,156.8,151.5,154,307,322,304,316,979,1005,979,992,169.2845,407.9415,73083.5,500.8606
2024-03-14,154,155.8,152.1,152.9,310,315,309,313,993,1005,988,995,171.1344,417.887,71396.5938,499.8705
2024-03-15,150.7,151.1,147.4,148,311,315,303,315,995,995,973,981,170.7585,409.2388,69403.7734,496.4381
2024-03-18,149.5,153.7,149,153,313.8,316,307.2,307.2,981,999,980,980,171.8466,410.1232,67548.5938,499.3885
2024-03-19,152.9,154,151.3,153.5,307.2,314.8,304.4,307,979,989.5,960.5,980,174.1811,414.1427,61912.7734,502.1637
2024-03-20,153.4,154.8,151.8,154,314,315.8,310.2,314.8,980,994.5,970.5,980,176.7432,417.8968,67913.6719,506.8083
2024-03-21,154,155.6,154,155,316.4,319.8,316.4,319.4,980,994.5,980,981,169.5219,421.9654,65491.3906,508.4833
2024-03-22,154.5,155.1,153.5,154.2,320,322,316.2,318.4,980,990,975.5,980,170.4221,421.3463,63778.7617,507.5192
2024-03-25,152.5,154.8,152.5,153.3,317.4,318.8,316.4,317.2,980,988,978.5,980,169.0076,415.5677,69958.8125,506.1171
2024-03-26,151.6,153,149.6,151,316,324,316,324,980,982,962,982,167.8799,414.3785,69987.8359,505.1823
2024-03-27,151,155.2,151,154.5,328,330,318,318,965,982,965,972,171.441,414.1624,69455.3438,509.4277
2024-04-01,158,160.7,158,159,315,320.6,313.4,320,989,1000,982.5,990,168.1964,417.2482,69702.1484,508.4442
2024-04-01,158,160.7,158,159,315,320.6,313.4,320,989,1000,982.5,990,168.1964,417.2482,69702.1484,508.4442
2024-04-01,158,160.7,158,159,315,320.6,313.4,320,989,1000,982.5,990,168.1964,417.2482,69702.1484,508.4442
2024-04-01,158,160.7,158,159,315,320.6,313.4,320,989,1000,982.5,990,168.1964,417.2482,69702.1484,508.4442
2024-04-01,158,160.7,158,159,315,320.6,313.4,320,989,1000,982.5,990,168.1964,417.2482,69702.1484,508.4442
2024-04-01,158,160.7,158,159,315,320.6,313.4,320,989,1000,982.5,990,168.1964,417.2482,69702.1484,508.4442
2024-04-01,158,160.7,158,159,315,320.6,313.4,320,989,1000,982.5,990,168.1964,417.2482,69702.1484,508.4442
2024-04-01,158,160.7,158,159,315,320.6,313.4,320,989,1000,982.5,990,168.1964,417.2482,69702.1484,508.4442
2024-04-02,159.5,160,154,154,330,339.6,322,333,998,1010,988,991,167.0192,414.1722,65446.9727,505.2115
2024-04-03,153.9,154.9,152.9,152.9,332.6,334,323.6,329.2,990,998,980.5,980.5,167.8205,413.1992,65980.8125,505.7665
2024-04-04,153.2,154,151.8,152.7,327.2,331,319.2,321,981,982.5,975.5,980,166.9994,410.6736,68508.8438,499.593
2024-04-05,150,154,149.4,154,329,330,322.2,326,980,981.5,970,975,167.7512,418.1818,67837.6406,504.8122
2024-04-08,152.7,152.9,150.6,151.8,329,329,323.2,326,976,976,965,970,166.6334,417.2679,71631.3594,505.0947
2024-04-11,150,151.4,149.2,151.3,330,332.6,327.2,329,980,984.5,970,971,173.1523,420.5502,70060.6094,504.3936
2024-04-11,150,151.4,149.2,151.3,330,332.6,327.2,329,980,984.5,970,971,173.1523,420.5502,70060.6094,504.3936
2024-04-11,150,151.4,149.2,151.3,330,332.6,327.2,329,980,984.5,970,971,173.1523,420.5502,70060.6094,504.3936
2024-04-11,150,151.4,149.2,151.3,330,332.6,327.2,329,980,984.5,970,971,173.1523,420.5502,70060.6094,504.3936
2024-04-11,150,151.4,149.2,151.3,330,332.6,327.2,329,980,984.5,970,971,173.1523,420.5502,70060.6094,504.3936
2024-04-11,150,151.4,149.2,151.3,330,332.6,327.2,329,980,984.5,970,971,173.1523,420.5502,70060.6094,504.3936
2024-04-11,150,151.4,149.2,151.3,330,332.6,327.2,329,980,984.5,970,971,173.1523,420.5502,70060.6094,504.3936
2024-04-11,150,151.4,149.2,151.3,330,332.6,327.2,329,980,984.5,970,971,173.1523,420.5502,70060.6094,504.3936
2024-04-12,151.3,153,150.1,150.1,330,332,329,330,971.5,981.5,965.5,980,174.6461,414.6242,67195.8672,497.4314
2024-04-15,148.9,149.5,146.5,147.3,330,332,324.4,326,968,978,950.5,957,170.8277,406.5067,63426.2109,491.1995
2024-04-16,147.1,147.1,145,146.4,315.2,316.8,312.2,314.2,957,957,930,932,167.5534,407.4305,63811.8633,490.3036
2024-04-17,146.9,150,146.9,150,314.2,321,313,315,940,945,936,938,166.1883,404.7378,61276.6914,487.4019
2024-04-18,152.8,155,148.1,148.1,315.8,334,315.8,331,942,947.5,938,940,165.2386,397.2982,63512.7539,486.399
2024-04-19,148,149.8,145,145.5,325,337,323.2,328.4,940.5,958.5,921,948.5,163.2206,392.2371,63843.5703,482.1535
2024-04-19,148,149.8,145,145.5,325,337,323.2,328.4,940.5,958.5,921,948.5,163.2206,392.2371,63843.5703,482.1535
2024-04-19,148,149.8,145,145.5,325,337,323.2,328.4,940.5,958.5,921,948.5,163.2206,392.2371,63843.5703,482.1535
2024-04-19,148,149.8,145,145.5,325,337,323.2,328.4,940.5,958.5,921,948.5,163.2206,392.2371,63843.5703,482.1535
2024-04-19,148,149.8,145,145.5,325,337,323.2,328.4,940.5,958.5,921,948.5,163.2206,392.2371,63843.5703,482.1535
2024-04-19,148,149.8,145,145.5,325,337,323.2,328.4,940.5,958.5,921,948.5,163.2206,392.2371,63843.5703,482.1535
2024-04-19,148,149.8,145,145.5,325,337,323.2,328.4,940.5,958.5,921,948.5,163.2206,392.2371,63843.5703,482.1535
2024-04-19,148,149.8,145,145.5,325,337,323.2,328.4,940.5,958.5,921,948.5,163.2206,392.2371,63843.5703,482.1535
2024-04-22,146.2,148.5,146,146.8,333.8,334.8,325,325,949,949,928.5,935,164.0516,394.0453,66837.6797,486.5937
2024-04-23,147,149,143.6,143.6,325.8,330,324,328,936,947.5,935,943,165.1001,400.5414,66407.2734,492.3679
2024-04-24,144.9,145.9,144.1,144.1,332,334.6,327,330,944,956.5,939,947,167.1973,402.0057,64276.8984,492.1342
2024-04-25,144.3,145.6,143.8,145.6,331,331,327.4,329.6,947.5,950,946.5,947.5,168.0579,392.1585,64481.707,490.2646
2024-04-26,144.5,145.4,143.8,144,329.8,332,326.4,326.4,947,955,942.5,955,167.4742,399.3129,63755.3203,494.9094
2024-04-26,144.5,145.4,143.8,144,329.8,332,326.4,326.4,947,955,942.5,955,167.4742,399.3129,63755.3203,494.9094
2024-04-26,144.5,145.4,143.8,144,329.8,332,326.4,326.4,947,955,942.5,955,167.4742,399.3129,63755.3203,494.9094
2024-04-26,144.5,145.4,143.8,144,329.8,332,326.4,326.4,947,955,942.5,955,167.4742,399.3129,63755.3203,494.9094
2024-04-26,144.5,145.4,143.8,144,329.8,332,326.4,326.4,947,955,942.5,955,167.4742,399.3129,63755.3203,494.9094
2024-04-26,144.5,145.4,143.8,144,329.8,332,326.4,326.4,947,955,942.5,955,167.4742,399.3129,63755.3203,494.9094
2024-04-26,144.5,145.4,143.8,144,329.8,332,326.4,326.4,947,955,942.5,955,167.4742,399.3129,63755.3203,494.9094
2024-04-26,144.5,145.4,143.8,144,329.8,332,326.4,326.4,947,955,942.5,955,167.4742,399.3129,63755.3203,494.9094
2024-04-29,144.1,151.2,144.1,149.8,325,336.6,324,336.2,950,975,946,969,171.629,395.3131,63841.1211,496.6621
2024-04-30,148,151.5,148,150,336,341.4,331.4,336.8,957,966,950.5,961.5,168.4931,382.6159,60636.8555,488.7943
2024-05-02,146,146.9,144.6,146.1,330.2,348.2,330.2,348,925,949,925,936,171.164,390.9792,59123.4336,491.7642
2024-05-02,146,146.9,144.6,146.1,330.2,348.2,330.2,348,925,949,925,936,171.164,390.9792,59123.4336,491.7642
2024-05-02,146,146.9,144.6,146.1,330.2,348.2,330.2,348,925,949,925,936,171.164,390.9792,59123.4336,491.7642
2024-05-02,146,146.9,144.6,146.1,330.2,348.2,330.2,348,925,949,925,936,171.164,390.9792,59123.4336,491.7642
2024-05-02,146,146.9,144.6,146.1,330.2,348.2,330.2,348,925,949,925,936,171.164,390.9792,59123.4336,491.7642
2024-05-02,146,146.9,144.6,146.1,330.2,348.2,330.2,348,925,949,925,936,171.164,390.9792,59123.4336,491.7642
2024-05-02,146,146.9,144.6,146.1,330.2,348.2,330.2,348,925,949,925,936,171.164,390.9792,59123.4336,491.7642
2024-05-02,146,146.9,144.6,146.1,330.2,348.2,330.2,348,925,949,925,936,171.164,390.9792,59123.4336,491.7642
2024-05-03,147.8,148.7,147.5,148.3,347.8,348.8,342,342,936,946,936,942,181.4024,399.647,62889.8359,497.8598
2024-05-06,148.5,149.6,147.9,148.3,344.8,352,342.8,347,942.5,955.5,942.5,944.5,179.7504,406.4084,63161.9492,503.0011
2024-05-07,148.3,149.3,146.3,148.3,348,354,347.8,350.2,945,950,944.5,947.5,180.433,402.2808,62334.8164,503.5561
2024-05-08,148.3,148.7,145.7,146.2,338,359,338,359,946.5,947,920,921,180.7693,403.4602,61187.9414,503.6049
2024-05-08,148.3,148.7,145.7,146.2,338,359,338,359,946.5,947,920,921,180.7693,403.4602,61187.9414,503.6049
2024-05-08,148.3,148.7,145.7,146.2,338,359,338,359,946.5,947,920,921,180.7693,403.4602,61187.9414,503.6049
2024-05-08,148.3,148.7,145.7,146.2,338,359,338,359,946.5,947,920,921,180.7693,403.4602,61187.9414,503.6049
2024-05-08,148.3,148.7,145.7,146.2,338,359,338,359,946.5,947,920,921,180.7693,403.4602,61187.9414,503.6049
2024-05-08,148.3,148.7,145.7,146.2,338,359,338,359,946.5,947,920,921,180.7693,403.4602,61187.9414,503.6049
2024-05-08,148.3,148.7,145.7,146.2,338,359,338,359,946.5,947,920,921,180.7693,403.4602,61187.9414,503.6049
2024-05-08,148.3,148.7,145.7,146.2,338,359,338,359,946.5,947,920,921,180.7693,403.4602,61187.9414,503.6049
2024-05-09,145.8,146.8,141,141.8,358.8,359,349,354,922,935,873,877,182.5796,405.2095,63049.9609,506.5066
2024-05-10,142.1,142.9,138.4,138.8,354.4,357.8,345.6,345.6,889.5,894,870,880,181.3215,407.5877,60792.7773,507.1591
2024-05-13,138.4,142.5,138.1,141.8,350,363.8,349.4,361,882,898,873,885,184.5211,406.5853,62901.4492,507.2271
2024-05-14,141.8,141.8,138.7,139.4,356.4,358.8,352,353.6,889.5,890,880,885,185.6602,409.3764,61552.7891,509.5543
2024-05-15,140,140,138,138,347,353.2,345.2,349,880,885,860.5,866,187.9286,416.5338,66267.4922,515.8641
2024-05-16,138.1,139.1,135.5,136,348,348.8,340.2,345.8,870,886,867.5,880,188.0474,414.4762,65231.582,514.8027
2024-05-17,136,139.3,132.7,138.7,345,345.6,334,334,880,890,873,875,188.0772,413.7082,67051.875,515.5428
2024-05-17,136,139.3,132.7,138.7,345,345.6,334,334,880,890,873,875,188.0772,413.7082,67051.875,515.5428
2024-05-17,136,139.3,132.7,138.7,345,345.6,334,334,880,890,873,875,188.0772,413.7082,67051.875,515.5428
2024-05-17,136,139.3,132.7,138.7,345,345.6,334,334,880,890,873,875,188.0772,413.7082,67051.875,515.5428
2024-05-17,136,139.3,132.7,138.7,345,345.6,334,334,880,890,873,875,188.0772,413.7082,67051.875,515.5428
2024-05-17,136,139.3,132.7,138.7,345,345.6,334,334,880,890,873,875,188.0772,413.7082,67051.875,515.5428
2024-05-17,136,139.3,132.7,138.7,345,345.6,334,334,880,890,873,875,188.0772,413.7082,67051.875,515.5428
2024-05-17,136,139.3,132.7,138.7,345,345.6,334,334,880,890,873,875,188.0772,413.7082,67051.875,515.5428
2024-05-20,141.9,144,138.6,140,330,340.4,329.6,339.4,878,882,868,875,189.2361,418.7589,71448.1953,516.1368
2024-05-21,142,142,137.2,138,344,348,340.6,347,878.5,878.5,858,862,190.5338,422.4016,70136.5312,517.4026
2024-05-22,136,136.6,133.5,136,339.2,354,337.4,354,869.5,879.5,865,867,189.0974,423.8587,69122.3359,515.9128
2024-05-23,136.5,137.9,136.1,136.5,350.8,351.6,348.2,351.2,869,899.5,869,895,185.1154,420.3932,67929.5625,512.1444
2024-05-24,135.9,136.5,134.4,135.7,351,353,348.4,353,885,897,877,896,188.1861,423.5043,68526.1016,515.5331
2024-05-28,135,135.7,134.5,135.2,350.8,351,338.4,338.6,885,885,866.5,871.5,188.1961,423.6618,68296.2188,515.8934
2024-05-29,134.8,134.8,130.2,130.2,334,336,327,329.6,880,880,864,870,188.4932,422.5296,67578.0938,512.2807
2024-05-30,130.4,132.9,130,130.5,329.8,331.6,327.4,329.6,866,885,858,885,189.4837,408.254,68364.9922,508.8824
2024-05-31,132,133.3,130,130,329.6,341.6,321.4,341.6,887,887,870,870,190.4347,408.7069,67491.4141,513.5175
2024-06-03,130.6,138,130.6,138,338,344.6,332.2,338,871,879.5,852,853,192.1979,407.1218,68804.7812,513.936
2024-06-03,130.6,138,130.6,138,338,344.6,332.2,338,871,879.5,852,853,192.1979,407.1218,68804.7812,513.936
2024-06-03,130.6,138,130.6,138,338,344.6,332.2,338,871,879.5,852,853,192.1979,407.1218,68804.7812,513.936
2024-06-03,130.6,138,130.6,138,338,344.6,332.2,338,871,879.5,852,853,192.1979,407.1218,68804.7812,513.936
2024-06-03,130.6,138,130.6,138,338,344.6,332.2,338,871,879.5,852,853,192.1979,407.1218,68804.7812,513.936
2024-06-03,130.6,138,130.6,138,338,344.6,332.2,338,871,879.5,852,853,192.1979,407.1218,68804.7812,513.936
2024-06-03,130.6,138,130.6,138,338,344.6,332.2,338,871,879.5,852,853,192.1979,407.1218,68804.7812,513.936
2024-06-03,130.6,138,130.6,138,338,344.6,332.2,338,871,879.5,852,853,192.1979,407.1218,68804.7812,513.936
2024-06-04,137.8,138.6,132.4,136.9,345,345.6,333.4,333.6,851.5,852.5,806.5,818,192.5149,409.6324,70567.7656,514.5106
2024-06-05,136.4,138.4,135,138,335,338.4,333.4,335,820,850,806,850,194.0205,417.4495,71082.8203,520.6257
2024-06-06,137.9,140.7,137.1,138,342,354.2,335.6,353.8,850,852,836.5,851,192.6436,417.9515,70757.1641,520.6159
2024-06-07,140.9,141.4,139.2,139.9,352,357,350,354.4,851,854,840,840,195.0309,417.292,69342.5859,519.9829
2024-06-10,141,141,135.7,136,350,353,345,350,841,857,826.5,847,191.2965,421.2497,69512.2812,521.5896
2024-06-11,136,138.8,135.4,136,350,350,341.2,341.2,847,852.5,840,848,205.194,425.9853,67332.0312,522.8458
2024-06-13,137,139.8,136,136,341,341.6,329,340,858,863,836,836,212.2171,434.7476,66756.3984,528.2012
2024-06-14,135,137.9,134.4,137.9,341,344,337.4,339.6,837.5,841,826.5,832,210.4836,435.7223,66011.0938,528.5227
2024-06-18,137.5,137.5,132,132.9,335,339.4,334,338,849,849,833,835,212.2666,439.434,65140.7461,534.0826
2024-06-20,134.5,134.5,130.5,130.5,340,341,331,334.6,841,854.5,841,848,207.7001,438.8039,64828.6562,532.6317
2024-06-21,130.6,131.2,127.3,127.3,336.2,339.8,316,316,848,848,832,836,205.5308,442.8207,64096.1992,531.9177
2024-06-24,128.2,128.7,127.3,128,319.8,331,315.8,331,837,844,832,838.5,206.1747,440.7434,60277.4141,530.1885
2024-06-25,128.4,130.5,128,129,334.6,347,332,346,850,850,825.5,826,207.0959,443.9726,61804.6406,532.2303
2024-06-26,129.1,129.8,127,127,347,349.8,341.8,349.8,825,826,807,809,211.2364,445.1639,60811.2773,532.8945
2024-06-27,127.5,130.6,127.2,130,344.2,349,344.2,348,815,818.5,809.5,817,212.0784,445.8433,61604.8008,533.7347
2024-06-28,131,134.9,128.2,128.2,348,349.8,339,349.8,817,833.5,817,830.5,208.6312,440.0345,60320.1367,531.6343
2024-07-01,128,130,127.1,130,349.8,350.2,345.2,349,831,838,829,832,214.7034,449.6632,62851.9805,532.7285
2024-07-02,129.4,130.2,128,128.5,348.6,353.6,344.6,352,832,835,819.5,828,218.1901,452.1737,62029.0156,536.3137
2024-07-03,129,133.9,128.2,133.9,349.8,359.8,349.8,359.8,829,845,828,839.5,219.4581,453.6407,60173.9219,538.707
2024-07-05,138.2,139.6,137.5,138.8,367,373.6,359,360,844,853,844,850,224.2028,460.3256,56662.375,541.8135
2024-07-08,139.3,145.2,139,145,362.8,365,355,355,851,851,841,845,225.6688,459.026,56705.0977,542.4386
2024-07-09,145,145,139.7,140.9,359.2,361.6,352,360,841,863.5,841,857,226.5207,452.4297,58009.2266,542.9661
2024-07-10,140.7,142.7,139,141,355.2,361.6,355,356.4,858,858,846.5,846.5,230.7801,459.0359,57742.4961,548.3389
2024-07-11,139,143.8,138.4,143.8,356.6,360.8,354.4,360,847,875,847,870,225.4212,447.6646,57344.9141,543.6109
2024-07-12,143,143.8,141.1,143.7,361,370.8,358.2,368,872,880,857.5,880,228.3632,446.5324,57899.4648,547.0397
2024-07-15,143,144.5,141.8,143.7,366,374,363.2,363.2,880,908,878,900,232.1867,446.9361,64870.1523,548.5441
2024-07-16,143.4,143.5,139.8,139.8,369,370.2,362,362,900,908,900,900,232.6027,442.5648,65097.1484,551.7971
2024-07-17,139.1,141.2,139.1,139.4,362.8,367,359,364.4,900.5,923,897,923,226.7189,436.6576,64118.793,544.0602
2024-07-18,139.9,143.4,139.7,142.5,366.8,366.8,362.6,363,900.5,914,900.5,902,222.0632,433.5563,63974.0664,539.8792
2024-07-19,142.6,149.6,142.6,148.8,367,369.8,363.2,369.8,902,923,897,911,222.192,430.3468,66710.1562,536.2941
2024-07-22,149.5,150.8,148.2,148.2,361.4,365.4,355.8,355.8,909,928,904,904,221.8453,436.0865,67585.25,541.8232
2024-07-23,148.2,148.2,145.6,145.6,357.2,363,356.2,362.8,905.5,927,902.5,923,222.8854,437.9671,65927.6719,540.9734
2024-07-25,141.3,145.6,141.3,143.2,360,360,351.2,353.8,905,923,905,910,215.4364,411.9262,65777.2266,525.9587
2024-07-26,143.3,146,143,146,354.6,357,352.2,355,916,928,911.5,919.5,215.902,418.69,67912.0625,531.8492
2024-07-29,146,146.3,143.3,143.9,354,359.8,353.6,357.4,920,925,914.5,916,216.1793,420.1274,66819.9141,532.1619
2024-07-29,146,146.3,143.3,143.9,354,359.8,353.6,357.4,920,925,914.5,916,216.1793,420.1274,66819.9141,532.1619
2024-07-29,146,146.3,143.3,143.9,354,359.8,353.6,357.4,920,925,914.5,916,216.1793,420.1274,66819.9141,532.1619
2024-07-29,146,146.3,143.3,143.9,354,359.8,353.6,357.4,920,925,914.5,916,216.1793,420.1274,66819.9141,532.1619
2024-07-29,146,146.3,143.3,143.9,354,359.8,353.6,357.4,920,925,914.5,916,216.1793,420.1274,66819.9141,532.1619
2024-07-29,146,146.3,143.3,143.9,354,359.8,353.6,357.4,920,925,914.5,916,216.1793,420.1274,66819.9141,532.1619
2024-07-29,146,146.3,143.3,143.9,354,359.8,353.6,357.4,920,925,914.5,916,216.1793,420.1274,66819.9141,532.1619
2024-07-29,146,146.3,143.3,143.9,354,359.8,353.6,357.4,920,925,914.5,916,216.1793,420.1274,66819.9141,532.1619
2024-07-30,141,142.5,135.8,136.5,350.4,353.4,348,353,915.5,919.5,906.5,907,216.734,416.3764,66201.0156,529.4658
2024-07-31,136.8,137.6,135.7,137,351.2,356,350.6,356,908,919,907,908,219.983,411.877,64619.25,538.072
2024-08-01,137.2,143.7,137.2,143.7,356,360,353.6,360,920,925,907,907,216.2982,410.6562,65357.5,530.4525
2024-08-02,142,142.4,139.2,140.8,359,359,344,350,905,917,895,901,217.784,402.1695,61415.0664,520.5762
2024-08-05,139,140.5,135.7,139,349,349,342.2,348,890,899,871.5,884,207.294,389.0359,53991.457,505.4151
2024-08-06,139.4,142.6,139,140,341,348,338,348,886,900,880,880,205.2733,393.427,56034.3164,510.0748
2024-08-07,141,141.9,136.6,138.1,346.2,352,343,352,890,890,885,890,207.8388,392.2652,55027.4609,506.6655
2024-08-08,139.5,140.8,138.2,140.2,353,359.8,350,357,890.5,908,890.5,898,211.2959,396.4594,61710.1367,518.3782
2024-08-09,140.4,144,140.4,144,355.2,361,355,357.8,909.5,930,900,930,214.1982,399.7378,60880.1133,520.6642
2024-08-12,144,145.4,139.5,139.6,356.2,365,356.2,365,926.5,927,905.5,910,215.7254,400.5156,59354.5156,520.9376
2024-08-13,140,140.7,136.5,139,369,370,363,367.6,910,922,910,918.5,219.4344,407.6042,60609.5664,529.5048
2024-08-14,140,142.1,139.5,140.2,370,374,365,369,915.5,923.5,910,914.5,219.8806,410.4101,58737.2695,531.1753
2024-08-15,140.2,141.5,137.5,139,369,380,366,374,917,930.5,914,920,222.8558,415.2627,57560.0977,540.2798
2024-08-16,139.5,142.6,139.5,141.7,371,407.8,371,395,920,936.5,915,930.5,224.1748,412.7377,58894.1055,541.4911
2024-08-19,141,147,141,147,399.8,408,394.6,396,935,943,925,925,224.016,415.7559,59493.4531,546.6685
2024-08-20,148,153.4,147,152.8,405,421,402,412,937,940,927.5,930,224.6309,418.981,59012.793,545.7796
2024-08-21,152.5,153.2,148.5,148.5,411,419,407,411,930,940,927,932,224.5218,418.3301,61175.1914,547.6551
2024-08-22,150,154.1,149.1,154,412.2,423.8,412.2,417.2,928,945,928,935,222.6674,409.8578,60381.9141,543.3568
2024-08-27,154,154,150.8,151.2,410.2,417,404.6,408.4,935,956,934,937,226.1383,408.1712,59504.1328,548.5734
2024-08-28,152.5,154.4,152.3,154,410,414.6,405.2,405.2,937,937,928.5,930,224.6111,404.9756,59027.625,545.3888
2024-08-29,154,155.4,152.9,153.5,404.2,404.2,395.8,403,930,935,901,904,227.8837,407.4611,59388.1797,545.4376
2024-08-30,153.5,154.3,152.7,152.8,400,410,396.2,396.2,910,910,885,885,227.1003,411.426,59119.4766,550.6443
2024-09-03,152.8,154.4,152.1,152.8,405.6,407,397,398.6,898.5,908.5,898,904.5,220.922,403.8314,57431.0234,539.3127
2024-09-04,149,153.9,148.3,153,397.4,398,387.4,398,894,904,886,900,219.0179,403.2988,57971.5391,538.2087
2024-09-05,153,154,151.9,154,394,407,394,404,900,905,897,900,220.5352,402.7958,56160.4883,536.8998
2024-09-06,154,157,153.5,157,398,402.4,397,400,900,913,897.5,908.5,218.9881,396.1975,53948.7539,527.8636
2024-09-09,156.9,160,156.5,159.5,401,410,401,402,910.5,922,901,920,219.0774,400.1624,57019.5352,533.7736
2024-09-10,159.8,160.6,155,155,402.6,419.8,402.6,407,919,926,908,908,218.284,408.5263,57648.7109,536.0987
2024-09-11,154,158.5,151.7,158.4,408,416.2,407,407.2,915.5,920,905,906,220.8129,417.2451,57343.1719,541.5985
2024-09-12,158,159.8,156.5,159.6,415,419.4,408.2,418.6,906,930,906,920,220.922,421.1509,58127.0117,546.1605
2024-09-13,159.6,160,156.2,156.2,418.6,422,411,411,929,940,927.5,940,220.6542,424.6918,60571.3008,549.0131
2024-09-16,156.4,160.4,156.4,159.9,411,414.8,410.6,413.4,940,955,940,948.5,214.5255,425.4315,58192.5078,549.8238
2024-09-17,158.5,161.3,158.5,161,409,411.6,404,405,950,973.5,950,970,214.9916,429.1892,60308.5391,550.0485
2024-09-18,159.5,161.1,157.2,157.2,404.8,408.6,401,404,970,984,965,965,218.8592,424.9087,61649.6797,548.4171
2024-09-19,156.3,160.9,156.3,160.4,404,408.8,400.4,402.8,964,984,961,964,226.9713,432.6808,62940.457,557.7756
2024-09-20,160.4,162.7,159,160,403.2,408,402,403.4,970,994,970,970,226.3069,429.3076,63192.9766,556.8114
2024-09-23,161.2,163,160.8,163,403.8,417.2,403.8,414,985,994,983,991,224.5912,427.5717,63329.8008,558.2028
2024-09-24,164.9,169,164,167,414,416.4,407.2,413,991,1005,990,995,225.4838,423.2912,64301.9688,559.7999
2024-09-25,163.1,166,163.1,164.6,413.2,417,408.6,410,995,997.5,965.5,995,224.4921,426.1909,63143.1445,558.5652
2024-09-26,166.5,168,165.1,167.1,410,411,408,410,995,999,991,995,225.6325,425.4019,65181.0195,560.7798
2024-09-27,165,165.2,160.8,161.4,397.8,410,397.2,410,996,998.5,990,996,225.9003,422.1569,65790.6641,559.9664
2024-09-30,161,161.7,158,158,408.2,410.8,402.8,404,995,995,956,956,231.0671,424.4057,63329.5,562.2105
2024-10-01,158.3,160.4,156.1,157.3,401,407.6,401,404.4,963,985,963,977,224.3334,414.9274,60837.0078,557.1739
2024-10-02,157.3,160.8,156.6,160.8,402,419.2,401,416.2,980,996,977.5,987,224.8987,411.4161,60632.7852,557.409
2024-10-03,160.8,162.1,156.8,156.9,417,422,412,412,987,994,976.5,983,223.7979,410.8342,60759.4023,556.39
2024-10-04,157,158.4,156.9,158,412,420,410.8,420,987.5,995,980,995,224.9185,410.3608,62067.4766,561.4462
2024-10-07,159,160.9,158.7,160,417,446,417,429,989,1007,989,1000,219.8509,403.9301,62236.6602,556.3704
2024-10-08,159.8,161.6,157,161.6,429,438,425.6,438,989,1005,977,998,223.8971,409.0293,62131.9688,561.6323
2024-10-09,159,160.5,157.7,157.8,435.8,438,429.8,429.8,990,994.5,975,975,227.6358,411.7416,60582.1016,565.5225
2024-10-10,158,159,156.3,156.8,416,425,416,420.4,977,990,977,979,227.1399,410.1438,60274.5,564.5328
2024-10-11,158,158,154.1,156.5,418,418.6,404.2,407.8,989.5,989.5,962.5,965,225.6623,410.6172,62445.0898,567.9133
2024-10-14,160,160.9,158,158.6,407,413,402,402,966.5,980,959,959,229.3812,413.3986,66046.125,572.5578
2024-10-15,164.4,164.5,160.4,161,405,409.8,404.6,408.4,962,990,962,989,231.91,413.0041,67041.1094,568.1093
2024-10-16,161.5,164.9,160.8,162,408.4,413.4,407,407,990,990,971,971,229.8572,410.42,67612.7188,570.5785
2024-10-17,163,166.4,162.5,162.5,412.6,415.4,408.4,408.4,984,984,962,962,230.2241,411.0117,67399.8359,570.6274
2024-10-18,164,166.8,163.1,164,409,412,402,409,969,974,959,962,233.0505,412.432,68418.7891,572.8224
2024-10-21,164.1,165.7,162.5,165,406,414,403.4,408.4,969.5,969.5,959.5,962,234.5182,413.0435,67367.8516,571.8817
2024-10-22,165,168.7,163.6,164,412,417.4,410,417.4,960,966.5,954,956,233.9034,421.654,67361.4062,571.5779
2024-10-23,164,164.7,162.2,163.3,415.4,416.8,405.4,407,956.5,964,946.5,960,228.8457,418.7838,66432.1953,566.3552
2024-10-24,163.8,163.8,162.4,162.8,408,410.2,405.4,409,951.5,959.5,951,955,228.6572,418.912,68161.0547,567.5802
2024-10-25,162.4,162.5,159.6,159.7,406,412.8,406,412.8,957.5,967.5,955.5,963,229.4903,422.2852,66642.4141,567.3841
2024-10-28,159.9,160.1,157.4,160,408,414,407.2,413.8,963,977,956,964,231.4637,420.7465,69907.7578,569.1381
2024-10-29,158.9,159.7,156.4,157,413.8,414,408.2,413,969.5,970,947.5,965.5,231.7315,426.0331,72720.4922,570.0593
2024-10-30,156.6,160,154.2,160,409,415,404.4,415,962,967,943,962.5,228.1911,426.6051,72339.5391,568.3345
2024-10-31,157.5,158.1,152.8,152.8,410,410.4,396,396,960,960,941,941,224.0359,400.7838,70215.1875,557.1934
2024-11-04,152.3,152.4,149.4,151.5,396,405,396,405,941,961.5,927,959,220.1682,402.8649,67811.5078,558.3399
2024-11-05,152.9,156.6,152.1,156,402,409.6,401.2,409,945,962,945,962,221.5963,405.8238,69359.5625,565.0913
2024-11-06,156,157.3,150,150,409,411.8,395.2,395.2,962,965,957.5,962,220.8724,414.4244,75639.0781,579.1426
2024-11-07,145.5,148.2,143.9,148,398,400,366,400,962,962,929,940,225.5928,419.6024,75904.8594,583.6206
2024-11-08,149,149.1,145.1,147,395,395,387,392.6,940,940,915.5,916,225.3248,416.752,76545.4766,586.1487
2024-11-11,146.4,149.8,145.6,149,387,391.4,381.2,390,916,923,902.5,915,222.6145,412.2841,88701.4844,586.7072
2024-11-12,147.6,149.5,147,147.1,388.6,392.4,380.2,380.2,920,926.5,910,917,222.6145,417.2353,87955.8125,584.8847
2024-11-13,147.1,147.4,142,142,380.2,385.6,378,378,917,917,900,900,223.4981,419.3756,90584.1641,585.1688
2024-11-14,142.5,143.1,138.1,138.1,377,383.6,370,380,900,901,872.5,876,226.5757,421.0424,87250.4297,581.4061
2024-11-15,139.4,143.2,138.2,141.9,375,387,375,383,877,894,870.5,875,223.3789,409.3153,91066.0078,573.9591
2024-11-18,141.5,142.2,139.8,140.4,386,390,378.2,383,885,913.5,878.5,905,226.3772,410.0649,90542.6406,576.3107
2024-11-18,141.5,142.2,139.8,140.4,386,390,378.2,383,885,913.5,878.5,905,226.3772,410.0649,90542.6406,576.3107
2024-11-18,141.5,142.2,139.8,140.4,386,390,378.2,383,885,913.5,878.5,905,226.3772,410.0649,90542.6406,576.3107
2024-11-18,141.5,142.2,139.8,140.4,386,390,378.2,383,885,913.5,878.5,905,226.3772,410.0649,90542.6406,576.3107
2024-11-18,141.5,142.2,139.8,140.4,386,390,378.2,383,885,913.5,878.5,905,226.3772,410.0649,90542.6406,576.3107
2024-11-18,141.5,142.2,139.8,140.4,386,390,378.2,383,885,913.5,878.5,905,226.3772,410.0649,90542.6406,576.3107
2024-11-18,141.5,142.2,139.8,140.4,386,390,378.2,383,885,913.5,878.5,905,226.3772,410.0649,90542.6406,576.3107
2024-11-18,141.5,142.2,139.8,140.4,386,390,378.2,383,885,913.5,878.5,905,226.3772,410.0649,90542.6406,576.3107
2024-11-19,140.5,145.9,139,145.5,383,398.6,383,393.8,905,910,896,896,226.6353,412.0671,92343.7891,578.4175
2024-11-20,146,154,144.9,154,397,399,390,399,904,959.5,891,959.5,227.3501,409.7986,94339.4922,578.6135
2024-11-21,151,153.3,149.5,152.3,399,414.6,395,408,920,926.5,904,904,226.8736,408.0296,98504.7266,581.7197
2024-11-22,151.5,152.4,149.5,152,397.6,403.4,390.2,397,908,908,882,883,228.2139,412.1111,98997.6641,583.5226
2024-11-25,154.1,156.9,151.7,151.7,404,415,394,415,884,922.5,882,882,231.1922,413.8802,93102.2969,585.502
2024-11-26,152.5,153.7,152.1,152.9,409,409,390,390,888,907.5,888,901,233.3665,422.9723,91985.3203,588.5591
2024-11-27,153.9,154.5,151.7,153.1,395,395,380.6,385,901,902,876,879,233.2374,418.0309,95962.5312,586.7758
2024-11-29,152.2,154.5,150,154.5,378.4,385.4,370,370,885,895,872,875,235.6201,418.4954,97461.5234,590.4208
2024-12-02,154.4,156,152.8,155.2,370.4,394.6,370.4,390,876,918,876,918,237.8638,425.9272,95865.3047,591.4791
2024-12-03,156,156.5,154.4,155.2,395.4,396.6,385,394,916,916,895,904,240.9018,426.1447,96002.1641,591.7536
2024-12-04,154.9,156.3,154.6,155.7,395,396,386,396,905,905,879.5,882.5,241.2592,432.2917,98768.5312,595.428
2024-12-05,155.9,156.7,154.8,155.9,389.4,394,384.2,385.2,885.5,894,877,890,241.289,437.4308,96593.5703,594.4482
2024-12-06,155,155.4,151.2,151.6,384.8,394.4,384.8,391,890,918.5,875,915,241.0904,438.3697,99920.7109,595.575
2024-12-09,153.9,153.9,151.5,153,386.2,395.8,386.2,395,901,903,878,880,244.9722,440.7909,97432.7188,592.5081
2024-12-10,156,158,151.9,152,406.8,409,395,404.8,888,910,882,900,245.9849,438.1324,96675.4297,590.6659
2024-12-11,152.3,154.7,152,153,402,404.8,387,388,900,904,883.5,886.5,244.7141,443.7261,101173.0312,595.2321
2024-12-12,150.5,151.8,148.2,148.2,385.2,399.8,380.8,395,890,906,887,903,246.1735,444.2894,100043,592.1651
2024-12-13,147,150.7,145.6,150,390.2,397.6,387,397,900,900,882.5,888,246.3423,442.0263,101459.2578,592.0474
2024-12-16,148.5,150,146,149.7,400,400,390.4,400,888,900,879,900,249.2313,446.2957,106029.7188,594.5756
2024-12-17,149.5,151,147.2,149,391,399,382.4,385.4,895,895,872.5,890,251.6537,449.132,106140.6016,592.1259
2024-12-18,147,148.6,143.9,144,390,390,375,384.8,890,899.5,880.5,892,246.2629,432.2621,100041.5391,574.4785
2024-12-19,142.1,148.1,137.5,148,383,391,377,385,892,892,870.5,877,247.9904,431.9063,97490.9531,574.302
2024-12-20,147.2,148,144.6,144.6,389.8,391.6,383.2,390,876,888,876,883,252.6565,431.4814,97755.9297,581.2
2024-12-23,144.6,145.4,141,141.8,390,392.8,385.2,391.2,883.5,888,878,883,253.4308,430.1472,94686.2422,584.6804
2024-12-26,144.5,147.3,144.5,145.1,391.4,397,384.6,389.2,899,899,880.5,880.5,257.1538,432.9736,95795.5156,591.2184
2024-12-27,145.1,146.9,143,144,394,397.6,384,386,892,899,880,899,253.7485,425.4825,94164.8594,584.995
2025-01-02,143.3,146.2,142.1,144.5,390,399,387.6,399,899,899,882.5,899,242.0931,413.6726,96886.875,574.7995
2025-01-03,142.7,146.5,142.7,145,398.8,405.8,395.4,399.4,899,912,886,908,241.6066,418.3867,98107.4297,581.9865
2025-01-06,145.2,147.9,144.3,147.9,403,411.6,402,410.6,908,915,893,899,243.2348,422.834,102078.0859,585.3391
2025-01-07,147.6,147.6,145.5,145.5,408,410.2,400,400,900.5,910.5,891.5,893,240.4649,417.4182,96922.7031,578.7224
2025-01-08,147,148.7,145.4,147,404,404.8,397,397,893,900,878.5,880.5,240.9514,419.5825,95043.5234,579.5679
2025-01-10,145.6,147.5,145.3,147.5,399.4,400,397.2,399,890,890,870,870,235.1436,414.0383,94701.4531,570.7194
2025-01-13,147.7,147.9,145.3,146.7,399,399,389,392.2,870,870,834,834,232.7112,412.299,94516.5234,571.6042
2025-01-14,145.9,146.4,143.7,144,388,394.8,383,389.2,850,850,825,838,231.5993,410.7968,96534.0469,572.3907
2025-01-15,144,144.5,143,143.8,392,397,389.2,395,848,860,832,834.5,236.1562,421.312,100504.4922,582.8026
2025-01-16,144.9,146.1,138,138,395,399,391.2,394,842,852.5,821,821,226.6154,419.6023,99756.9062,581.6817
2025-01-17,140.2,145.5,139.5,145,395,403.2,394.6,399,830,835,818,835,228.3231,424.0001,104462.0391,587.5217
2025-01-21,145.2,146.1,144,144,393.2,398.4,388,390,824.5,844.5,824.5,837,221.0359,423.4763,106146.2656,592.8996
2025-01-22,143.8,145,142.4,142.5,390,395.8,388,395,831,854,831,845,222.2173,440.9688,103653.0703,596.2326
2025-01-23,143.3,147.6,142,147.6,395,397.6,389.4,390.2,845,867,845,860,222.0486,441.4728,103960.1719,599.4869
2025-01-24,144.3,145.9,140.3,140.5,390,392.8,385,385.2,860,868.5,841.5,845,221.1749,438.8539,104819.4844,597.7368
2025-01-27,141.5,142.5,138.5,139,386.2,387.4,374.4,375,854,854,820,820,228.2039,429.4653,102087.6875,589.2816
2025-01-28,139.3,142,139.3,142,380.4,380.8,349,349.2,823,844.5,816,822,236.5434,441.9571,101332.4766,594.345
2025-01-30,140.1,141.9,138.9,141.5,350,361.8,340,351,830,830,788.5,795,235.8782,410.1247,104735.3047,594.8561
2025-01-31,139.4,141.9,137.6,137.6,357,357,345.4,350,808,816.5,780,780,234.2997,410.1939,102405.0234,591.6904
2025-02-03,141.8,141.8,136.2,137,356,359,341,341,800,808.5,769,769,226.3672,406.1025,101405.4219,587.7085
2025-02-04,138,144.5,137.5,144.5,347,368.6,347,367,779,804.5,771,786,231.1227,407.5354,97871.8203,591.651
2025-02-05,142.6,147.2,142.6,147,366,379,366,378,798,837,790.5,830,230.7951,408.4447,96615.4453,594.0499
2025-02-06,146,147.4,144.1,144.1,377.4,377.4,365.8,370.2,832,832,805,826,231.5397,410.945,96593.2969,596.1146
2025-02-07,144,144.1,138.7,138.7,375,375,358,358.2,826,830,803.5,803.5,225.99,404.9461,96529.0859,590.6581
2025-02-10,139.2,140,134.8,135.6,358.4,367.2,345,348.6,804,819,792,793,226.2583,407.3872,97437.5547,594.6693
2025-02-11,137,140.8,135.8,140.8,346,347,331.4,332,803.5,803.5,780,794,231.198,406.6164,95747.4297,595.1216
2025-02-12,140,140.7,138.9,139,329,342.2,321,340,801,818.5,794.5,814.5,235.422,404.2445,97885.8594,593.2044
2025-02-13,137,140.2,137,139.9,338,355.6,336.2,355,814.5,832,813.5,825,240.0535,405.7269,96623.8672,599.4672
2025-02-14,140,141.5,136.6,137,350,352.2,341.2,344.8,825,829.5,816,820,243.1047,403.6416,97508.9688,599.4377
2025-02-18,138.7,143,138,143,342,353,342,350,785.5,802,785.5,798,242.9755,404.8374,95539.5469,601.1976
2025-02-19,143,143,139.6,141.9,344.2,348.4,343.2,347,798,815.5,791,795,243.3731,409.9073,96635.6094,602.6133
2025-02-20,142.6,145.5,141.7,142,341,346,337.2,346,800,800,772,780,244.3272,412.076,98333.9375,600.1063
2025-02-21,141,143,141,142,339.6,348,339.6,345,780,785,778,780,244.0489,404.2331,96125.5469,589.842
2025-02-24,142.2,142.9,139.7,141,345,346.6,335.8,340.4,781,787.5,772,780,245.5894,400.0641,91418.1719,587.158
2025-02-25,141.9,144.5,141.1,144.5,340.6,346.4,338.4,340,780.5,788,773,774,245.5298,394.0236,88736.1719,584.2379
2025-02-26,144,147.9,142.7,147.9,339,345,337.6,340,778,794,776.5,781,238.8906,395.8358,84347.0234,584.5328
2025-02-27,148,153,147,150.5,340,345,338.6,340,790,790,775,780,235.8493,388.7059,84704.2266,575.2026
2025-02-28,151.6,151.6,148.5,150,344,349.8,338.6,349.8,782,782.5,765,765,240.3616,393.1224,84373.0078,584.1789
2025-03-03,150,153,146.5,146.5,345.2,349.4,339,340,780,822.5,780,808,236.5749,384.7053,86065.6719,573.9442
2025-03-04,147,152.2,145.1,151,337.6,343.2,330,340,810,820,806.5,808,234.4877,384.824,87222.1953,567.1505
2025-03-05,151.6,153.9,149.9,152.9,337,343.6,331.4,337,810,824,805,805,234.2989,397.1132,90623.5625,573.2462
2025-03-06,152.9,155.9,152,155,339,367.2,339,356,808.5,831.5,808.5,821,233.8914,393.0234,89961.7266,563.0703
2025-03-07,155.9,157.7,153,157.5,359.8,386,359.8,385,820,827.5,816,821,237.6085,389.4783,86742.6719,566.2263
2025-03-10,153.8,158.4,153.8,158,385,390,376.6,390,821,835,821,826,226.0894,376.4564,78532,551.1445
2025-03-11,155.6,157.8,154.3,154.8,383,386,364,369,825,839.5,800.5,814,219.49,376.7436,82862.2109,546.5629
2025-03-12,152.3,153.8,151.6,152,367,370.2,359,364.4,816.5,819,801,814,215.6536,379.5361,83722.3594,549.4633
2025-03-13,153.9,158.7,153,158,370,379.8,365,376,811,818,806,812.5,208.3982,375.0799,81066.7031,542.1387
2025-03-14,159,166.8,158.4,165,376,383,371.2,381,811,823,808,808,212.1849,384.7746,83969.1016,553.3369
2025-03-17,164.9,165.5,161.2,163,385,395,384.8,393,814,829,813,813,212.6918,384.9132,84075.6875,557.6039
2025-03-18,160.5,161.3,159.8,160.4,395,395,385.2,385.2,815,825.5,810,813,211.3898,379.7837,82718.5,551.5771
2025-03-19,159.1,162,159.1,161,375,381,370,374,813,813,801,808,213.9242,384.0418,86854.2266,557.5842
2025-03-20,161.7,163,160.3,161,374,379.8,373,374,808.5,819,808,810,212.7912,383.0714,84167.1953,555.9718
2025-03-21,160,161.9,159.6,160.3,380,384.4,371,371,808,808.5,795,800,216.9357,387.4482,84043.2422,556.1552
2025-03-24,160,160,156.2,157.4,372,379.8,360,360,800.5,804,793,800,219.3806,389.2505,87498.9141,566.1152
2025-03-24,160,160,156.2,157.4,372,379.8,360,360,800.5,804,793,800,219.3806,389.2505,87498.9141,566.1152
2025-03-24,160,160,156.2,157.4,372,379.8,360,360,800.5,804,793,800,219.3806,389.2505,87498.9141,566.1152
2025-03-24,160,160,156.2,157.4,372,379.8,360,360,800.5,804,793,800,219.3806,389.2505,87498.9141,566.1152
2025-03-24,160,160,156.2,157.4,372,379.8,360,360,800.5,804,793,800,219.3806,389.2505,87498.9141,566.1152
2025-03-24,160,160,156.2,157.4,372,379.8,360,360,800.5,804,793,800,219.3806,389.2505,87498.9141,566.1152
2025-03-24,160,160,156.2,157.4,372,379.8,360,360,800.5,804,793,800,219.3806,389.2505,87498.9141,566.1152
2025-03-24,160,160,156.2,157.4,372,379.8,360,360,800.5,804,793,800,219.3806,389.2505,87498.9141,566.1152
2025-03-25,155,157.2,152.2,156,367.8,374.8,352,363.2,799,800.5,791,795,222.3822,391.3102,87471.7031,567.476
2025-03-26,156.5,156.6,153.1,153.1,365,374,358.6,374,799.5,799.5,783.5,786.5,220.1757,386.1708,86900.8828,560.7014
2025-03-27,153,155.2,152.8,154,376.2,377,363.4,367,787,792,778,781,222.4816,386.7749,87177.1016,559.2122
2025-03-28,153.4,155.4,153,154,368,372.8,364.2,370,782,791.5,779,781,216.5679,375.1096,84353.1484,547.9507
2025-03-31,154.1,156.5,153.1,153.3,368.2,368.2,355,355,785,796.5,785,788,220.7721,371.7328,82548.9141,551.6289
2025-04-02,153.8,158.2,153.8,158,365,374.6,360.2,361.6,792.5,797.5,781,792,222.5213,378.4171,82485.7109,556.6878
2025-04-03,157.5,157.5,154.8,155.6,364,369.8,351.2,353,795,795,779,785,201.9479,369.4751,83102.8281,529.2538
2025-04-04,155.6,156.6,154.3,155.6,350,351.8,336.8,336.8,785,788,761,780,187.2284,356.3344,83843.8047,498.2697
2025-04-07,148.2,149.3,146,149,318,321,311,320,750,755,745,746,180.3507,354.3736,79235.3359,497.3822
2025-04-08,151,158,150,158,319,348,319,348,745,755,744,750,171.366,351.1058,76271.9531,489.5918
2025-04-10,165.9,166,153,154.3,374,374,340,340,780,800,776.5,800,189.2559,377.6348,79626.1406,517.3019
2025-04-11,150,161.9,148.2,160,344,352,335,340,789,803.5,770.5,800,196.9387,384.6656,83404.8359,526.5321
2025-04-14,159,159.5,157.4,157.8,352.8,358,346,354.6,800.5,815,785,815,201.282,384.0319,84542.3906,531.6401
2025-04-15,157.8,160.9,157.8,160,353,358.6,349.6,354,804,829.5,800.5,829.5,200.9043,381.9721,83668.9922,530.1512
2025-04-16,160.5,161,159.6,161,350,353.2,338.8,340.2,825,825,805,805,193.0824,367.9897,84033.8672,518.3669
2025-04-21,161.5,165.3,160.3,163.2,340.4,344,337.2,340,810,814.5,805,810,191.9792,355.6214,87518.9062,506.7503
2025-04-22,163,164,162.1,163,340,344.8,339,339,810,819.5,804,819.5,198.519,363.2464,93441.8906,519.9349
2025-04-23,162.5,163.8,159.8,161,341,353,331.6,353,812.5,819.5,812.5,815,203.3493,370.7426,93699.1094,527.9915
2025-04-24,161,162,160,160,350,350,339,340,815.5,827.5,815,825,207.0962,383.5268,93943.7969,539.1051
2025-04-25,163.5,165.5,160.3,161,343,352.2,342.4,350,826,864,826,855,208.0006,388.0325,94720.5,543.0004
2025-04-28,163,163,155.5,155.5,354.6,360,348.2,360,854,868,849.5,850,208.8554,387.3492,94978.75,543.2075
2025-04-29,157,160.7,156,160.7,362,362,348.4,350,850,855.5,830.5,855,209.9188,390.2012,94284.7891,546.6293
2025-04-30,161.2,164.8,160.4,160.4,350,356,340.2,340.2,863,880.5,851.5,870,211.201,391.4093,94207.3125,546.8462
2025-05-02,161.9,163,160,160,343.8,359.6,341.6,358.4,875,896,869,888,204.0947,431.0394,96910.0703,558.8967
2025-05-05,160.5,161.5,157.8,158.4,355.2,366,351,353.4,888,891,860.5,869.5,197.6741,431.9207,94748.0547,555.6918
2025-05-06,158,160,156.9,157.5,353.4,383,351.6,375,875,882,862.5,880,197.2965,429.0886,96802.4766,551.0472
2025-05-07,159.2,165.8,158.5,165.2,380,398.6,378,383,885,891,871.5,876,195.0503,429.1282,97032.3203,553.3646
2025-05-08,165.1,168.2,164,164.1,386,398,385.4,385.4,875.5,885,850,855,196.2827,433.9012,103241.4609,557.2203
2025-05-09,164.2,167.3,164,166.1,396,396,384.8,385,878,885,863.5,884,197.3164,434.4558,102970.8516,556.5103
2025-05-13,167.6,168,165,168,399,410.2,391,407,891,908.5,883,900,211.9058,444.7644,104169.8125,578.6981
2025-05-14,167.7,168.4,165.6,167,411.8,416.4,406.2,411,888,899.5,860,868,211.3087,448.5273,103539.4141,579.4376
2025-05-15,164,166.8,161.2,161.3,409,409,401.2,407,868,888,851,888,210.433,449.5393,103744.6406,582.2679
2025-05-16,161.5,162.1,156.7,160.4,405,410,402.4,410,868.5,883,859,875,210.2439,450.6702,103489.2891,585.956
2025-05-19,159.7,159.8,156.8,157.8,417,427,413.4,416,880,888,874,888,207.7758,455.2338,105606.1797,586.5969
2025-05-20,157.8,158,153.4,155.1,413.6,413.6,399.4,400,889.5,889.5,863,863,205.865,454.5394,106791.0859,584.6247
2025-05-21,156,158.5,154.9,158,399,404,397.4,400.2,861,880,850.5,880,201.118,448.9837,109678.0781,574.7733
2025-05-22,157.9,158.7,155.6,158.5,397.2,404,392,400,872,872,853,865,200.3915,451.2556,111673.2812,575.0002
2025-05-23,157,163.5,157,163.5,408.8,414.2,400.2,404,865,879,856.5,879,194.3308,446.6126,107287.7969,571.0753
2025-05-27,160.5,161.3,159.4,160.6,403,406.2,401.8,404.8,866.5,866.5,850,850,199.247,457.0394,108994.6406,582.9483
2025-05-28,162.4,165.2,161.4,164.1,407,412.4,407,410.2,854,859.5,842.5,851,199.456,453.7357,107802.3281,579.5757
2025-05-29,165.1,165.1,162.8,162.8,417,417.8,411.2,412.2,850.5,852,846,846,198.9883,455.0453,105641.7578,581.8636
2025-05-30,163.2,164.3,158.9,161,412.2,417,405,410,858,858,835,835,199.884,456.7119,103998.5703,581.2128
2025-06-02,161,163.4,159.6,162,406,413,405,412,846,850,835,838,200.7299,458.3092,105881.5312,584.4867
2025-06-03,162,162.2,158.3,158.7,412,419.8,410.8,415,842,860,842,850,202.2923,459.3013,105432.4688,587.8198
2025-06-04,159.6,160.9,157.4,157.4,424.4,425.8,411,411,844,862.5,844,851,201.8445,460.1942,104731.9844,587.662
2025-06-05,157.5,158.2,155.7,155.8,412.2,419.4,408.2,409,850,856.5,844.5,850,199.665,463.974,101575.9531,584.8219
2025-06-09,157,158.8,156.4,157.9,409.6,414.8,409.6,413.6,849,877.5,849,875,200.4811,469.0038,110294.1016,591.3599
2025-06-10,157.6,157.9,155.6,156.2,411,414.8,408.4,414,878.5,878.5,865,875,201.6952,467.1884,110257.2344,594.7128
2025-06-11,156,157.7,156,156.5,416,417,406.2,415,874,883.5,871,880,197.8239,468.8748,108686.625,593.0167
2025-06-13,160.6,161.5,158,160.7,425,427,415,415,879.5,881,871,875,195.5051,471.1963,106090.9688,588.7172
2025-06-16,159.8,159.8,158.1,159,418,418.6,410.8,416,870,875,860,867,197.4656,475.3432,106796.7578,594.3183
2025-06-17,159.5,159.8,157,157,422,422.8,415,416,867,873,862.5,868,194.699,474.2519,104601.1172,589.2399
2025-06-18,157,157.5,153,153,416,420,413.2,419,868,870,858,865,195.6345,476.4344,104883.3281,589.151
2025-06-20,155,156.8,153.1,153.1,418,426,416,426,865.5,884.5,865.5,878,200.0332,473.617,103309.6016,587.7674
2025-06-23,152.2,152.8,151,151,415.6,419.6,413,415.6,877,877,850,855,200.5308,482.1488,105577.7734,593.5731
2025-06-24,152.2,157.4,152.2,156,414,420.8,414,414.6,860,876,859,859,199.3366,486.2262,106045.6328,600.1304
2025-06-25,156,157.5,153.9,156,418,422,415,417,858,870,858,861,200.5905,488.3691,107361.2578,600.4667
2025-06-26,156.6,156.6,152.6,155,421,422.4,413,413,865,870,860.5,870,200.0332,493.5081,106960,605.1647
2025-06-27,153.5,156.7,153.2,156,414,420.6,413,420.6,869,892,869,880,200.1128,492.01,107088.4297,608.1713
2025-06-30,155.4,156,152.8,152.8,416,420.8,411,411,880,898,872,872,204.1832,493.4684,107135.3359,611.0791
2025-07-01,153.2,154,150.7,151.5,413,416,405.4,413,873,894,873,894,206.8204,488.1508,105698.2812,610.8813
2025-07-02,149.6,150.9,148.2,150,412,416.8,411.4,415,893,893,883,886,211.4182,487.1985,108859.3203,613.6506
2025-07-03,150.2,155.3,150.2,154.6,411.6,422,411.4,419,886,918.5,883,902,212.5229,494.8871,109647.9766,618.487
2025-07-07,155,156.4,153.1,155.7,422,424.8,417.8,418.8,885.5,888,870,880.5,208.9402,493.7759,108299.8516,613.8781
2025-07-08,155,156,153.7,154.6,418,425.8,417.8,425.8,882,900,882,891,208.9999,492.6846,108950.2734,613.5418
2025-07-09,154,154.8,152.9,153.4,426.2,450,426.2,441,890.5,905,881,905,210.1245,499.5201,111326.5547,617.221
2025-07-10,154,154.8,152.2,152.9,443,453.6,443,445,910,918,891,897,211.3884,497.5061,115987.2031,618.9617
2025-07-11,152.2,153.9,150.7,150.8,441.6,448.6,420,440,897,910,887.5,889.5,210.1443,499.3315,117516.9922,616.7858
2025-07-14,152,153,151,152,448,452.8,443.2,446,890,908.5,880,900,207.6166,499.0339,119849.7031,617.9627
2025-07-15,151.7,152,151,151.4,445.8,450,439,443.6,900,900,865.5,874,208.1042,501.8118,117777.1875,615.3221
2025-07-16,150,151.1,147.2,148.6,445,446.2,439,443,860,860,836,845,209.1492,501.6133,118738.5078,617.3792
2025-07-17,147.9,149.8,147.5,148.9,447.8,449.4,442,445,845,848.5,825,829.5,209.0098,507.6452,119289.8438,621.1573
2025-07-18,150,152.7,150,151,445,450,436.2,438,830,845,816,819.5,210.1643,506.0082,118003.2266,620.7025
2025-07-21,150.9,151,148.9,149.9,440,445,436.8,445,824.5,843.5,824,837,211.458,506.0182,117439.5391,621.8794
2025-07-22,149.9,149.9,148.2,149,446,446.8,442.2,443,839.5,839.5,820,828.5,213.3687,501.2661,119995.4141,621.9684
2025-07-23,149,153,148.9,152.2,443,473.6,443,473.6,838,845,829.5,841.5,213.12,501.8613,118754.9609,627.2598
2025-07-24,152.2,153.9,152,153.9,465,471,455,460,840,846,831,842,212.7319,506.8317,118368,627.4675
2025-07-25,153.9,153.9,151.5,152.2,467,468,457.2,460,842,848,838,845,212.8513,509.6393,117635.8828,630.118
2025-07-28,151.5,151.5,147.8,149,460,469,459,466,845,845,825.5,842,213.0204,508.4388,117924.4766,629.9598
2025-07-29,149.4,149.9,148.5,148.5,466,468.8,447,447,841.5,841.5,828,830,210.2538,508.5083,117922.1484,628.2983
2025-07-30,149,149,147,147,445,450.8,445,445.6,830,835,828.5,830,208.0445,509.1729,117831.1875,627.5071
2025-07-31,147.2,147.6,142.1,142.7,445,452,444.6,448,830,833,815,816,206.5717,529.2724,115758.2031,625.1531
2025-08-01,143.2,144,142,143,448,468,447.2,455,816,834,815,834,201.4066,519.9568,113320.0859,614.9066
2025-08-04,145,145.5,142.8,143,455,459.6,450,455,834,834,819.5,821,202.3719,531.3954,115071.8828,624.2531
2025-08-05,143.1,144.9,142.6,144,456,461.8,452,460,821.5,829.5,821,827.5,201.944,523.5679,114141.4453,621.0881
2025-08-06,143.2,144.9,141.7,143,460,499,460,481,829.5,849,821,825,212.2243,520.7803,115028,625.8455
2025-08-07,143.5,144.5,142.1,144.5,488,494,478.8,494,822.5,824.5,803.5,810,218.9717,516.7127,117496.8984,625.3212
2025-08-08,144.5,145.8,142.4,143,489,496,487.2,488,811.5,817.5,795,795,228.2469,517.9033,116688.7266,630.1973
2025-08-11,143,144.3,139.8,140,490,493.6,482,489,795,799.5,782,789.5,226.3439,517.6354,118731.4453,628.951
2025-08-12,138.4,140.8,137,138.3,490,494.8,488.4,494,790,798,790,790,228.8048,525.0461,120172.9062,635.6469
2025-08-13,139,143.8,138.8,143.8,485.4,491.4,485.4,490,800,815,790,799,232.4713,516.4548,123344.0625,637.8228
2025-08-14,145,146,142.1,144,494,494.8,481,481,800.5,810,790,790,231.9233,518.3397,118359.5781,637.8821
2025-08-15,145,146.1,143.2,145,487,488.4,482,485,790.5,797.5,783,796,230.7377,516.048,117398.3516,636.3887
2025-08-18,145,145.2,141.9,141.9,485,487.8,481.2,485.6,800,805,783,783,230.0402,513.0023,116252.3125,636.2501
2025-08-19,142.1,144.5,140.2,144,482.6,482.8,466.8,475,785.5,795,784.5,795,229.7115,505.7304,112831.1797,632.7984
2025-08-20,144.1,145.5,142.6,142.8,479,491.4,476.6,489.8,795,795,781,781,225.1782,501.7126,114274.7422,631.117
2025-08-22,143,144.5,141.6,142.6,496,496.2,482.2,489.8,789.5,789.5,773,776,226.9218,504.0378,116874.0859,638.2382
2025-08-26,140,142,131.2,131.2,484.6,489.8,453.2,453.2,784,785,759,770,228.466,498.8805,111802.6562,638.0898
2025-08-27,135,140.9,134.8,140.2,471,487,468.2,485,774,778,757,760.5,229.6417,503.5509,111222.0625,639.5436
2025-08-28,140.8,140.8,135.5,135.5,485,485,479,480,765,765,757,760,231.7041,506.4326,112544.8047,641.8085
2025-08-29,136,139.3,135.2,135.2,470,483,470,483,762,763.5,753,755,231.2856,503.5012,108410.8359,637.981
2025-09-02,135.2,135.9,133.1,135,481,481,473,480,755,756.5,748.5,750,228.8745,501.9411,111200.5859,633.2534
2025-09-03,135,135,132.2,133,477,481,470.8,472,755,759,752,756,237.5923,502.1696,111723.2109,636.6854
2025-09-04,133,135,133,134,478.6,478.8,472.2,475,759,760,752,758.5,238.8975,504.7732,110723.6016,642.0063
2025-09-05,135,137.3,133.4,133.4,480.2,490.6,479,487.8,760,768,759.5,763.5,238.8078,491.8848,110650.9844,640.147
2025-09-08,134,136,133.5,134.5,488,494,482.4,482.4,764.5,769,751,751,237.0045,495.0646,112071.4297,641.7195
2025-09-09,134.6,136,133.6,134,482.6,489,482.4,489,751,754.5,748,748,233.4875,495.2733,111530.5469,643.2031
2025-09-10,134.1,138,134.1,136.7,492,493,473.6,474.2,750,752.5,745.5,750,225.9553,497.221,113955.3594,645.0626
2025-09-11,137.4,139,135.7,139,480.2,482,474.2,480,750.5,751,742.5,745,229.1834,497.857,115507.5391,650.4232
2025-09-12,139.3,139.4,137.5,138,480,485,479.2,481.4,746,749.5,745,747,233.2085,506.691,116101.5781,650.2054
2025-09-15,138,138,135.5,136.4,483,491,483,489.8,750,750,738.5,740,235.8288,512.1166,115444.875,653.6671
2025-09-16,137,142.3,136.7,141.8,489,496.8,486.4,491,740,748.5,739,745,237.2735,505.8364,116843.1875,652.7671
2025-09-17,142.8,143.8,140.2,143,495.8,514.5,494.4,507,745,753.5,741,749,238.1104,506.8102,116468.5078,651.9562
2025-09-18,142,144.8,140.6,144,501,517.5,497,507,753,765,752,765,237.0045,505.2502,117137.2031,655.0024
2025-09-19,145,150.9,144.2,150.9,515,520,508,509,765,765,761,764,244.5965,514.6704,115688.8594,658.2465
2025-09-22,149.5,149.5,144.5,144.8,504,513,500,508,764,764.5,753,756,255.1375,511.2123,112748.5078,661.3608
2025-09-23,145,145.8,139.3,140,509,518.5,497,499,757,761,746,750,253.4936,506.0253,112014.5,657.7606
2025-09-24,140,141.8,139.3,140,500,507,498.8,500,755,755,746,749,251.3814,506.9394,113328.6328,655.6678
2025-09-25,140,141.7,136,137.5,505,508,499,499,749,749,733,737,255.9246,503.8391,109049.2891,652.6429
2025-09-26,136.5,140.2,136.5,138.6,506,506,492.6,494,740,740,728,732,254.5198,508.2412,109712.8281,656.382
2025-09-29,138.6,139.9,134.1,135,498,499.6,478.2,481,732,745,732,740,253.4936,511.3614,114400.3828,658.2267
2025-09-30,135.5,137,132.9,132.9,475.2,484.8,471.2,471.6,740,740.5,730,735,253.6929,514.6904,114056.0859,660.7061
2025-10-01,133.8,138.4,133.4,138.3,475,494,473,486,737,745,730,740,254.5098,516.4393,118648.9297,662.9575
2025-10-02,138.3,139,136.8,138,483.4,487.6,480.2,486,744,759.5,743.5,755,256.1836,512.4943,120681.2578,663.7211
2025-10-03,138.2,138.5,136.3,138,494.4,513,487.4,512,758,758,740.5,745,257.0704,514.0941,122266.5312,663.7112
2025-10-06,138.6,142.9,135.5,135.5,510,511,503,508,745.5,750,730,732,255.7453,525.2435,124752.5312,666.0915
2025-10-07,136.5,140.8,136.5,139.4,508,515.5,507,512.5,732,735,730.5,735,255.5361,520.6824,121451.3828,663.6219
2025-10-08,141.3,142,138.6,140,516.5,536.5,514,528,735.5,743.5,735,735,257.1102,521.5469,123354.8672,667.5792
2025-10-09,139.4,139.9,136.1,136.4,528,536,525,526,735.5,738,730,734,253.105,519.1124,121705.5859,665.6452
2025-10-10,136,136.5,134.8,134.8,523,534,522,526,735,740,732,735,244.3673,507.7443,113214.3672,647.6542
2025-10-13,134.8,136,134,135,526,555,526,545,735,737,730,735,246.7485,510.8149,115271.0781,657.5919
2025-10-14,135.2,139.3,135.2,137.4,545.5,560,531,537,735.5,747,735.5,745,246.8581,510.3379,113118.6641,656.7886
2025-10-15,138.8,140.2,137.2,139,545,553,535,550,745,748.5,735,735,248.4223,510.1988,110783.1641,659.7044
2025-10-16,139,140.8,138.4,140,551,555,540,540,740,750,736.5,742,246.5393,508.3902,108186.0391,655.2116
2025-10-17,140,140,137.6,139.7,550,550.5,542,542.5,742,746,735,746,251.3615,510.3479,106467.7891,658.9308
2025-10-20,139.7,140.5,138.6,138.6,551,555,539,539,746,753,740,745,261.2748,513.5376,110588.9297,665.7841
2025-10-21,138.2,140,136.8,138,551,556,546,550,750,750,734.5,735,261.8029,514.4022,108476.8906,665.7741
2025-10-22,136.9,138,136,136,550,554.5,540,540,734.5,739.5,732.5,734,257.4988,517.264,107688.5859,662.3128
2025-10-23,135.5,140.2,135.5,137,537,553,533.5,553,734,738,731.5,738,258.6246,517.2839,110069.7266,666.2403
2025-10-24,138.2,138.6,134.6,135.9,552,554,543.5,545,739,743,734,736,261.8527,520.3147,111033.9219,671.6852
2025-10-27,134.1,134.8,130,131,550,550,528,535,739,739.5,729,730,267.8207,528.175,114119.3281,679.6095
2025-10-28,130.7,134.5,130,134.5,535,543,533,540,729.5,732.5,729,730,268.0099,538.6586,112956.1641,681.4146
2025-10-29,134.5,138.4,133.7,135.2,541,542.5,530,531.5,730,742.5,730,733,268.7074,538.1418,110055.3047,681.7419
2025-10-30,135.6,135.7,132.7,133.5,526,534,515.5,530,733,736,728.5,729,270.4012,522.4512,108305.5469,674.244
2025-11-03,128,129.1,125.7,127.8,485,529,480,529,728,728,715,720,268.0598,513.7761,106547.5234,677.7252
2025-11-04,128.5,132.5,128.5,132,535,539.5,520,526,720.5,727,720.5,722,269.0462,511.0932,101590.5234,669.6917
2025-11-05,131,132.8,130.4,132,537.5,538,515.5,523,722,722.5,702,722,269.1458,503.9682,103891.8359,672.0125
2025-11-06,132.7,135.4,132.7,134.2,525,537.5,518.5,525,722,724,712.5,714.5,268.7771,493.9716,101301.2891,664.8022
2025-11-07,133.4,134,131.2,132,510,540,510,540,713,713,701,702,267.4819,493.6933,103372.4062,665.4567
2025-11-10,132,132.9,129.2,129.2,541,548,527,530,701.5,705,700,700.5,268.6986,502.8155,105996.5938,675.8407
2025-11-11,127,127.6,122.4,123,537,539.5,530,534,700.5,705,695,700,274.5028,505.4787,102997.4688,677.3879
2025-11-12,123.6,126.9,123.6,126,541,552.5,534.5,552.5,700,713.5,700,701,272.7277,507.9232,101663.1875,677.7648
2025-11-13,125.1,126,122.5,123.5,550,574,543,558.5,700.5,708.5,690,690,272.2091,500.1226,99697.4922,666.518
2025-11-14,123.5,124.9,119,119,559,571.5,543,543,690,690,675.5,677,271.6705,506.9692,94397.7891,666.4089
2025-11-17,120,126,120,126,550,564,545,560,677,704.5,674,685,266.734,504.2961,92093.875,660.2003
2025-11-18,127.9,128.1,126,127.5,567.5,567.5,547,547,685,695,682,693,266.714,490.6824,92948.875,654.6562
2025-11-19,127.3,128,126.3,127.3,540,549.5,540,542.5,694,701,688,699,267.831,484.0544,91465.9922,657.1853
2025-11-20,127.3,132.5,125.2,132.5,541,549.5,532,549.5,689.5,715,688,710,265.5273,476.3089,86631.8984,647.1683
2025-11-21,129.3,131.5,126.6,131.5,539,555.5,533.5,555,710,729.5,698.5,728,270.753,470.0268,85090.6875,653.6149
2025-11-24,131.5,131.6,127.6,129,551,556.5,541,550,728,729.5,712,728,275.171,471.8985,88270.5625,663.2351
2025-11-25,129.8,131.3,128.1,129.7,551.5,559,546,546,729,735.5,718,730,276.2182,474.8752,87341.8906,669.4735
2025-11-26,132,132,129.7,131.5,550,558,548,556,730.5,732,709,709,276.7966,483.3475,90518.3672,674.0952
2025-11-28,128.3,131.6,127.6,131,551.5,552.5,542.5,542.5,730,745,722.5,740,278.093,489.8287,90919.2656,677.7747
2025-12-01,132,132,128.5,129.5,551.5,565,547.5,547.5,742,753,720,720,282.3315,484.582,86321.5703,674.6803
2025-12-02,130.4,130.4,126.2,127.5,554.5,565,551,565,716,726,714.5,715,285.4131,487.8276,91350.2031,675.9301
2025-12-03,127,127,124,124,570,570,545,545,714,723,707.5,708,283.3786,475.612,93527.8047,678.2706
2025-12-04,124,125.2,122.4,123.1,550,560,549.5,550.5,708,715,708,710,279.938,478.7082,92141.625,678.7665
2025-12-05,123,124.1,121.8,122.8,557,589.5,553,587,715,720,708.5,709.5,278.0232,481.0179,89387.7578,680.0558
2025-12-09,120,121.3,119.5,120,599,602.5,585,600,709,718,702,704,276.4276,489.8386,92691.7109,677.4276
2025-12-10,120,120.4,118.6,119.2,609.5,609.5,592,598,705,715,698,700,278.0232,476.4383,92020.9453,681.9204
2025-12-11,119.7,122.3,119.1,122,599,612,599,608,708.5,708.5,700,700,277.2753,481.3265,92511.3359,683.5072
2025-12-12,122.1,127.4,122,127.2,610,614.5,601.5,610,700,708,699,700,277.5246,476.4084,90270.4141,676.1581
2025-12-15,127,129,126.1,128.4,600,604.5,580.5,581,705,718,704,705.5,273.3659,472.7149,86419.7812,675.1365
2025-12-16,128.5,131.7,127.3,131.3,584,594,567,567,706,708.5,699.5,700,273.8645,474.2779,87843.9844,673.2919
2025-12-17,131,131.8,129.4,131,582,591.5,575.5,577,702,711.5,701.5,705,271.1021,474.0091,86143.7578,665.8832
2025-12-18,129,130.6,128,130.6,579.5,585,575.5,576,705,708,695,700,271.4511,481.8343,85462.5078,670.9115
2025-12-19,130.6,130.9,128,128,583,589,549.5,549.5,701,706,698.5,700,272.9272,483.7657,88103.3828,676.9923
2025-12-22,128.5,133.7,128.3,133.7,557,574.5,555,574.5,700,705,692.5,700,270.2344,482.7701,88490.0156,681.2099
2025-12-23,134.2,134.3,130.1,133,575.5,576.5,559.5,565,706,712.5,698,700,271.6207,484.6916,87414,684.3233
2025-12-26,134,135.1,133.6,135,570,574,563,570,704.5,705.5,698,700,272.6578,485.5477,87301.4297,686.6609
2025-12-29,135.3,136.2,134.5,134.6,570,576,566,567,700,702.5,695,699.5,273.0169,484.9404,87138.1406,684.2139
